student_id,researcher_id,tfidf_similarity,semantic_similarity,research_area_similarity,expertise_similarity,skill_overlap,project_similarity,publication_similarity,department_match,prototype_relevance_score,student_rank,relevance_label,predicted_probability,predicted_label,fold,confidence_distance
S005,1,0.0701229263503172,0.5166488885879517,0.0535509531499673,0.05612175491366,0.25,0.0,0.0554361895741183,1,0.0731050653638399,11,0,0.38829627101388975,0,1,0.11170372898611025
S005,2,0.0078423084336311,0.3461482226848602,0.0,0.0,0.25,0.0,0.0,1,0.0375,23,0,0.2567900988495333,0,1,0.2432099011504667
S005,3,0.0845315547375849,0.6034876108169556,0.1458743908205645,0.0,0.5,0.0,0.0735747461058951,0,0.1297985291620536,3,1,0.4609480331297976,0,1,0.039051966870202404
S005,4,0.0885353893127486,0.4459775984287262,0.0535509531499673,0.0612309433454452,0.25,0.0,0.067435574942795,1,0.0759268108554984,8,0,0.3918099506585301,0,1,0.10819004934146992
S005,5,0.0355343380371239,0.3668045401573181,0.0,0.0,0.25,0.0,0.067435574942795,1,0.0476153362414192,21,0,0.2992767419569474,0,1,0.20072325804305258
S005,6,0.0126580789853308,0.3676096200942993,0.0490825929484706,0.0,0.2,0.0,0.0,1,0.0447247778845411,22,0,0.26640639282353645,0,1,0.23359360717646355
S005,7,0.012197699852077,0.3990305662155151,0.0,0.0,0.5,0.0,0.0,0,0.075,9,0,0.30542109733528494,0,1,0.19457890266471506
S005,8,0.0689479372722676,0.4843373298645019,0.0535509531499673,0.0,0.25,0.0,0.0934947749753671,1,0.0675895021912952,13,0,0.3635735153701896,0,1,0.13642648462981039
S005,9,0.0063718862533728,0.304536759853363,0.0,0.0,0.2,0.0,0.0,1,0.03,30,0,0.2412947015382518,0,1,0.25870529846174817
S005,10,0.0283834667675214,0.5225967168807983,0.0535509531499673,0.0,0.25,0.0,0.0,1,0.0535652859449901,17,0,0.3096976909089232,0,1,0.19030230909107682
S005,11,0.0799957603684652,0.3747533559799194,0.1130407841661348,0.0,0.25,0.0,0.0817680414659993,1,0.0836774414697403,7,0,0.3603025431652217,0,1,0.1396974568347783
S005,12,0.0053017964022674,0.3147711455821991,0.0,0.0,0.25,0.0,0.0,0,0.0375,24,0,0.24400022143482603,0,1,0.255999778565174
S005,13,0.0068341616084411,0.3484566211700439,0.0,0.0,0.25,0.0,0.0,1,0.0375,25,0,0.2567982718406031,0,1,0.2432017281593969
S005,14,0.0414384336142766,0.5122147798538208,0.0,0.0,0.25,0.0,0.0,1,0.0375,26,0,0.2974418236229006,0,1,0.20255817637709939
S005,15,0.2071639649282634,0.7200044393539429,0.288253784039277,0.1304943615298482,0.75,0.206136966068286,0.0,0,0.2663024007314099,2,1,0.7960616347647064,1,1,0.29606163476470637
S005,16,0.0141974480340802,0.2036237716674804,0.0490825929484706,0.0,0.25,0.0,0.0,0,0.0522247778845411,18,0,0.24231877137200838,0,1,0.2576812286279916
S005,17,0.0069392986300949,0.2258727550506591,0.0,0.0,0.25,0.0,0.0,1,0.0375,27,0,0.23763082565774485,0,1,0.26236917434225515
S005,18,0.1229536826644906,0.4069351553916931,0.0961905654626642,0.0680496308783247,0.25,0.0,0.0934947749753671,1,0.0939913120607692,5,0,0.43171091704097797,0,1,0.06828908295902203
S005,19,0.0230635283973022,0.3705849051475525,0.0680496308783247,0.0,0.25,0.0,0.0,0,0.0579148892634974,15,0,0.27757460818526664,0,1,0.22242539181473336
S005,20,0.1220855657520399,0.3760503530502319,0.0961905654626642,0.0612309433454452,0.25,0.0,0.0817680414659993,1,0.0908685645277881,6,0,0.41428747626097123,0,1,0.08571252373902877
S005,21,0.0432507665789395,0.5695303678512573,0.0680496308783247,0.0,0.5,0.0,0.0,0,0.0954148892634974,4,0,0.3715393932134078,0,1,0.1284606067865922
S005,22,0.0081726108936,0.2518520355224609,0.0,0.0,0.25,0.0,0.0,1,0.0375,28,0,0.2420435453693493,0,1,0.2579564546306507
S005,23,0.0168524057129143,0.4999859035015106,0.0,0.0,0.5,0.0,0.0,1,0.075,10,0,0.33383748042044414,0,1,0.16616251957955586
S005,24,0.0951950072783417,0.4026816785335541,0.0595143957603065,0.0,0.25,0.0,0.0934947749753671,0,0.069378534974397,12,0,0.3525454244923379,0,1,0.1474545755076621
S005,25,0.0168524057129143,0.3202389180660248,0.0680496308783247,0.0,0.25,0.0,0.0,1,0.0579148892634974,16,0,0.2741437712377549,0,1,0.2258562287622451
S005,26,0.0398745200985802,0.4303034543991089,0.0,0.0,0.25,0.0,0.0934947749753671,1,0.051524216246305,19,0,0.3243016515439884,0,1,0.17569834845601162
S005,27,0.0391561630880059,0.3503346145153045,0.0,0.0,0.25,0.0,0.0934947749753671,0,0.051524216246305,20,0,0.3015957707802356,0,1,0.19840422921976442
S005,28,0.0646699197999496,0.4252062737941742,0.0535509531499673,0.0,0.25,0.0,0.0817680414659993,1,0.06583049216489,14,0,0.34467992815496856,0,1,0.15532007184503144
S005,29,0.0063718862533728,0.399725079536438,0.0,0.0,0.25,0.0,0.0,0,0.0375,29,0,0.25782388244850557,0,1,0.24217611755149443
S005,30,0.6376487629204248,0.8696662187576294,0.6392306240536285,0.615218690896332,0.5,0.1458743908205645,0.2952675553824053,1,0.4632779368668286,1,1,0.9879361096325583,1,1,0.4879361096325583
S010,1,0.0471121681914459,0.4440871179103851,0.1595519155841406,0.0,0.25,0.0,0.0,1,0.0853655746752421,7,0,0.33489156216512367,0,1,0.16510843783487633
S010,2,0.0100233937484717,0.4592247009277344,0.0,0.0,0.25,0.0,0.0,1,0.0375,13,0,0.2762022152773715,0,1,0.2237977847226285
S010,3,0.0090100173200468,0.4509531855583191,0.0,0.0,0.25,0.0,0.0,0,0.0375,14,0,0.2671378245535931,0,1,0.23286217544640692
S010,4,0.2327174459940933,0.7053412199020386,0.4697567680115259,0.0,0.75,0.0,0.0,1,0.2534270304034577,2,1,0.6818504578636906,1,1,0.18185045786369058
S010,5,0.064302144163892,0.5552953481674194,0.0,0.0817680414659993,0.25,0.0,0.0,1,0.0538536082931998,9,0,0.36531854582757955,0,1,0.13468145417242045
S010,6,0.0080396145479654,0.4021944403648376,0.0,0.0,0.2,0.0,0.0,1,0.03,28,0,0.2572699411765829,0,1,0.24273005882341708
S010,7,0.0077489512310626,0.439689040184021,0.0,0.0,0.25,0.0,0.0,0,0.0375,15,0,0.2648215192497486,0,1,0.23517848075025138
S010,8,0.0792054753039651,0.4417897462844848,0.0481850575248992,0.0817680414659993,0.25,0.0,0.0,1,0.0683091255506696,8,0,0.36507952797306786,0,1,0.13492047202693214
S010,9,0.0081440210339264,0.299189418554306,0.0,0.0,0.2,0.0,0.0,1,0.03,29,0,0.24108216072392388,0,1,0.25891783927607614
S010,10,0.0087348633787892,0.4380189776420593,0.0,0.0,0.25,0.0,0.0,1,0.0375,16,0,0.27216474173630517,0,1,0.22783525826369483
S010,11,0.1164467459921988,0.6148034334182739,0.1595519155841406,0.0,0.75,0.0,0.0,1,0.1603655746752421,4,0,0.5097405319536905,1,1,0.009740531953690512
S010,12,0.0353349065438923,0.5340940356254578,0.0384425327135016,0.0,0.25,0.0,0.0,0,0.0490327598140504,12,0,0.302269334126828,0,1,0.197730665873172
S010,13,0.0087348633787892,0.4312469363212585,0.0,0.0,0.25,0.0,0.0,1,0.0375,17,0,0.27103648033572275,0,1,0.22896351966427725
S010,14,0.0202447025100741,0.3881167769432068,0.0,0.0,0.25,0.0,0.0,1,0.0375,18,0,0.26815830093398035,0,1,0.23184169906601965
S010,15,0.0093129274193497,0.2807665467262268,0.0,0.0,0.25,0.0,0.0,0,0.0375,19,0,0.24013406379544588,0,1,0.2598659362045541
S010,16,0.0090100173200468,0.327965646982193,0.0,0.0,0.25,0.0,0.0,0,0.0375,20,0,0.24735537736616073,0,1,0.25264462263383924
S010,17,0.0178944467487926,0.4250032007694244,0.0,0.0735747461058951,0.25,0.0,0.0,1,0.052214949221179,11,0,0.31595621835652116,0,1,0.18404378164347884
S010,18,0.0774138826331423,0.3856871724128723,0.1891745935634665,0.0,0.25,0.0,0.0,1,0.0942523780690399,5,0,0.34585083215400403,0,1,0.15414916784599597
S010,19,0.0,0.3287863731384277,0.0,0.0,0.0,0.0,0.0,0,0.0,30,0,0.2051582787760171,0,1,0.2948417212239829
S010,20,0.1794207932236916,0.6627992987632751,0.2479900066867277,0.0,0.75,0.0,0.0,1,0.1868970020060182,3,1,0.5793514748292341,1,1,0.0793514748292341
S010,21,0.0329297147499155,0.5077398419380188,0.0,0.0,0.25,0.0,0.0,0,0.0375,21,0,0.28572027608898853,0,1,0.21427972391101147
S010,22,0.0104455591912588,0.2750446796417236,0.0,0.0,0.25,0.0,0.0,1,0.0375,22,0,0.24643998639373013,0,1,0.2535600136062699
S010,23,0.0106776788624761,0.4318116307258606,0.0,0.0,0.25,0.0,0.0,1,0.0375,23,0,0.27185509711686484,0,1,0.22814490288313516
S010,24,0.0973376064261623,0.5423859357833862,0.179522658299189,0.0,0.25,0.0,0.0,0,0.0913567974897567,6,0,0.3733108409271756,0,1,0.1266891590728244
S010,25,0.0106776788624761,0.3684587478637695,0.0,0.0,0.25,0.0,0.0,1,0.0375,24,0,0.2614233795119668,0,1,0.2385766204880332
S010,26,0.019480654231332,0.4171226024627685,0.0,0.0,0.25,0.0,0.0,1,0.0375,25,0,0.27269334416124014,0,1,0.22730665583875986
S010,27,0.0492035748681338,0.5378382205963135,0.0,0.0,0.25,0.0,0.0,0,0.0375,26,0,0.2972925099067071,0,1,0.20270749009329292
S010,28,0.5791895486621214,0.8709224462509155,0.3779132184330249,0.6225407468137513,0.75,0.4316134189707515,0.6225407468137513,1,0.5300859107088707,1,1,0.9964860895056391,1,1,0.4964860895056391
S010,29,0.0164213234477189,0.5319133996963501,0.0,0.0,0.25,0.0,0.0,0,0.0375,27,0,0.2835265007432474,0,1,0.21647349925675258
S010,30,0.0384606197110363,0.3801774382591247,0.0535509531499673,0.0,0.25,0.0,0.0,1,0.0535652859449901,10,0,0.28854362999770894,0,1,0.21145637000229106
S004,1,0.0314440258282822,0.5350234508514404,0.0,0.0,0.25,0.067435574942795,0.0,1,0.050987114988559,11,0,0.33817391556409787,0,2,0.16182608443590213
S004,2,0.019129701680604,0.3688113093376159,0.0,0.0,0.25,0.0,0.0,1,0.0375,15,0,0.26408667132624564,0,2,0.23591332867375436
S004,3,0.2806576145386464,0.7454487085342407,0.0612309433454452,0.07780894359285,0.25,0.4316134189707515,0.0735747461058951,0,0.1687899674322381,2,1,0.7775661051147885,1,2,0.2775661051147885
S004,4,0.0231963348024577,0.4973679482936859,0.0,0.0,0.25,0.0,0.0,1,0.0375,16,0,0.2894466254566253,0,2,0.2105533745433747
S004,5,0.0164041259955764,0.4975878000259399,0.0,0.0,0.25,0.0,0.0,1,0.0375,17,0,0.28705630173641355,0,2,0.21294369826358645
S004,6,0.2071041296636834,0.7181087732315063,0.2727396481453687,0.2095424038071012,0.2,0.0,0.0934947749753671,1,0.1677545914513359,3,1,0.6310490099856826,1,2,0.13104900998568259
S004,7,0.0889055450540746,0.6309190988540649,0.0,0.0,0.25,0.1123427789154277,0.067435574942795,0,0.0700838920245048,5,0,0.4305168939040347,0,2,0.06948310609596531
S004,8,0.0174633119290328,0.5194864273071289,0.0,0.0,0.25,0.0,0.0,1,0.0375,18,0,0.29162775877377983,0,2,0.20837224122622017
S004,9,0.0076995120441774,0.4363664984703064,0.0,0.0,0.2,0.0,0.0,1,0.03,30,0,0.26287087929759984,0,2,0.23712912070240016
S004,10,0.0796740091685737,0.5454705953598022,0.0481850575248992,0.0612309433454452,0.25,0.0,0.0,1,0.0642017059265588,6,0,0.36245837803849273,0,2,0.13754162196150727
S004,11,0.0274799589671817,0.4422525465488434,0.0481850575248992,0.0,0.25,0.0,0.0,1,0.0519555172574697,10,0,0.29518921787056607,0,2,0.20481078212943393
S004,12,0.0333887949581042,0.5529202222824097,0.0,0.05612175491366,0.25,0.0,0.0,0,0.048724350982732,14,0,0.32257739173083555,0,2,0.17742260826916445
S004,13,0.0082581056101235,0.3724694848060608,0.0,0.0,0.25,0.0,0.0,1,0.0375,19,0,0.2610716854730435,0,2,0.2389283145269565
S004,14,0.0291291681498004,0.436576247215271,0.0,0.0,0.25,0.0,0.0,1,0.0375,20,0,0.28003177443102606,0,2,0.21996822556897394
S004,15,0.0363218302463732,0.4326909482479095,0.0535509531499673,0.0,0.25,0.1123427789154277,0.0,0,0.0760338417280757,4,0,0.3583455389252543,0,2,0.14165446107474572
S004,16,0.0261167380921197,0.2951691150665283,0.0441644345352743,0.0,0.25,0.0,0.0,0,0.0507493303605822,12,0,0.26163377419246103,0,2,0.23836622580753897
S004,17,0.0256619843551926,0.465251088142395,0.0,0.0,0.25,0.0,0.0,1,0.0375,21,0,0.2842117937033337,0,2,0.21578820629666629
S004,18,0.0226129148568834,0.3927325904369354,0.0,0.0,0.25,0.0,0.0,1,0.0375,22,0,0.26963235349433656,0,2,0.23036764650566344
S004,19,0.265645320112476,0.596197783946991,0.0612309433454452,0.0,0.0,0.1123427789154277,0.0817680414659993,0,0.053103045006619,9,0,0.4660428327449973,0,2,0.033957167255002696
S004,20,0.0238273747608732,0.4320913553237915,0.0,0.0612309433454452,0.25,0.0,0.0,1,0.049746188669089,13,0,0.3016799766799425,0,2,0.1983200233200575
S004,21,0.0311160719343642,0.5036967992782593,0.0,0.0,0.25,0.0,0.0,0,0.0375,23,0,0.28899330556046193,0,2,0.21100669443953807
S004,22,0.0304092977049993,0.18626569211483,0.0,0.0,0.25,0.0,0.0,1,0.0375,24,0,0.23594071997209415,0,2,0.26405928002790585
S004,23,0.0417574778837062,0.4666866660118103,0.0,0.0,0.25,0.0,0.0,1,0.0375,25,0,0.2902368111222245,0,2,0.2097631888777755
S004,24,0.0164041259955764,0.3886541426181793,0.0,0.0,0.25,0.0,0.0,0,0.0375,26,0,0.26249476337974237,0,2,0.23750523662025763
S004,25,0.0529273062449773,0.3896923661231994,0.0612309433454452,0.0,0.25,0.0,0.0,1,0.0558692830036335,7,0,0.2982933610151008,0,2,0.2017066389848992
S004,26,0.0184077342605028,0.4308409690856933,0.0,0.0,0.25,0.0,0.0,1,0.0375,27,0,0.27520821946565394,0,2,0.22479178053434606
S004,27,0.0089590801741579,0.4627913236618042,0.0,0.0,0.25,0.0,0.0,0,0.0375,28,0,0.2734818071543947,0,2,0.22651819284560532
S004,28,0.0164041259955764,0.5301581621170044,0.0,0.0,0.25,0.0,0.0,1,0.0375,29,0,0.29330072164178916,0,2,0.20669927835821084
S004,29,0.2036118990817122,0.7318288087844849,0.0535509531499673,0.0612309433454452,0.5,0.3446421410380548,0.0817680414659993,0,0.18450510904159,1,1,0.7486194797546656,1,2,0.24861947975466558
S004,30,0.0212112244049498,0.3990984857082367,0.0535509531499673,0.0,0.25,0.0,0.0,1,0.0535652859449901,8,0,0.286294036574299,0,2,0.21370596342570097
S009,1,0.0614284602780492,0.5703049898147583,0.0441644345352743,0.0,0.5,0.0,0.0,1,0.0882493303605822,8,0,0.38891979852376324,0,2,0.11108020147623676
S009,2,0.1745230077244959,0.7182685136795044,0.3901861472717445,0.0934947749753671,0.75,0.0,0.0,1,0.2482547991765967,1,1,0.6951155131169052,1,2,0.19511551311690523
S009,3,0.0080990943930463,0.4855105280876159,0.0,0.0,0.25,0.0,0.0,0,0.0375,17,0,0.2774026869443597,0,2,0.2225973130556403
S009,4,0.0298800465552349,0.4862471222877502,0.0441644345352743,0.0,0.25,0.0,0.0,1,0.0507493303605822,13,0,0.30340290491138466,0,2,0.19659709508861534
S009,5,0.0235648832337085,0.3401268124580383,0.0,0.0,0.25,0.0,0.0,1,0.0375,18,0,0.26041864576425033,0,2,0.23958135423574967
S009,6,0.0220456151865587,0.4310665726661682,0.0,0.0,0.2,0.0,0.0,1,0.03,28,0,0.2667856073157868,0,2,0.23321439268421318
S009,7,0.0069655235099107,0.4060248136520386,0.0,0.0,0.25,0.0,0.0,0,0.0375,19,0,0.2624355839753559,0,2,0.23756441602464412
S009,8,0.1015694562540969,0.5650050640106201,0.2030055941109282,0.0,0.5,0.0,0.0,1,0.1359016782332784,5,0,0.46238594221271456,0,2,0.03761405778728544
S009,9,0.0073206513095118,0.3261850476264953,0.0,0.0,0.2,0.0,0.0,1,0.03,29,0,0.24336455661715717,0,2,0.25663544338284283
S009,10,0.0158247635866475,0.4797061681747436,0.0,0.0,0.25,0.0,0.0,1,0.0375,20,0,0.2834565573904352,0,2,0.21654344260956482
S009,11,0.0261167380921197,0.4032958149909973,0.0441644345352743,0.0,0.25,0.0,0.0,1,0.0507493303605822,14,0,0.285992600460215,0,2,0.21400739953978498
S009,12,0.02533676838144,0.4104853570461273,0.0,0.0,0.25,0.0,0.0,0,0.0375,21,0,0.2695061898204066,0,2,0.23049381017959342
S009,13,0.1059556648984949,0.615212082862854,0.2670453137166025,0.0,0.5,0.0,0.0,1,0.1551135941149807,4,0,0.49969739518346984,0,2,0.0003026048165301609
S009,14,0.0372499875632801,0.5218630433082581,0.0441644345352743,0.0,0.25,0.0,0.0,1,0.0507493303605822,15,0,0.313215439511045,0,2,0.18678456048895498
S009,15,0.0083713799392021,0.361077606678009,0.0,0.0,0.25,0.0,0.0,0,0.0375,22,0,0.25488390725780696,0,2,0.24511609274219304
S009,16,0.0337468030333075,0.2326980531215667,0.0,0.0,0.25,0.0,0.0817680414659993,0,0.0497652062198998,16,0,0.2651586460564361,0,2,0.23484135394356392
S009,17,0.0079725506048712,0.2692056596279144,0.0,0.0,0.25,0.0,0.0,1,0.0375,23,0,0.24286702688705875,0,2,0.25713297311294125
S009,18,0.0691869084800651,0.4291325211524963,0.1237849828989773,0.0,0.5,0.0,0.0,1,0.1121354948696931,6,0,0.3890204973615431,0,2,0.1109795026384569
S009,19,0.0,0.366310179233551,0.0,0.0,0.0,0.0,0.0,0,0.0,30,0,0.20941522692935288,0,2,0.2905847730706471
S009,20,0.0393852070119256,0.4126158058643341,0.0793300899685191,0.0,0.25,0.0,0.0,1,0.0612990269905557,10,0,0.30346568029204835,0,2,0.19653431970795165
S009,21,0.0295724714194757,0.5001319050788879,0.05612175491366,0.0,0.25,0.0,0.0,0,0.0543365264740979,11,0,0.30514554392479415,0,2,0.19485445607520585
S009,22,0.0921950285443723,0.4377513527870178,0.0923213982930813,0.0,0.75,0.1123427789154277,0.0,1,0.1626649752710099,3,1,0.5227750917582231,1,2,0.02277509175822312
S009,23,0.0095981534700735,0.4241913557052612,0.0,0.0,0.25,0.0,0.0,1,0.0375,24,0,0.2709273084662299,0,2,0.22907269153377008
S009,24,0.040476650891145,0.4033485054969787,0.0490825929484706,0.0,0.25,0.0,0.0,0,0.0522247778845411,12,0,0.2881416428288816,0,2,0.2118583571711184
S009,25,0.0095981534700735,0.2857520580291748,0.0,0.0,0.25,0.0,0.0,1,0.0375,25,0,0.24623661396220567,0,2,0.25376338603779436
S009,26,0.4241588475366662,0.915304958820343,0.1032023727142075,0.3446421410380548,0.5,0.2523342014336961,0.0934947749753671,1,0.2393801965549175,2,1,0.8876264719043838,1,2,0.3876264719043838
S009,27,0.0171793943709825,0.367952823638916,0.0,0.0,0.25,0.0,0.0,0,0.0375,26,0,0.2590411527211757,0,2,0.24095884727882427
S009,28,0.04840585675075,0.5825172662734985,0.0923213982930813,0.0,0.25,0.0,0.0,1,0.0651964194879243,9,0,0.34577698121297074,0,2,0.15422301878702926
S009,29,0.0073206513095118,0.3892297744750976,0.0,0.0,0.25,0.0,0.0,0,0.0375,27,0,0.2595399307179139,0,2,0.24046006928208608
S009,30,0.0640318828093148,0.5139942169189453,0.0490825929484706,0.0,0.5,0.0,0.0,1,0.0897247778845411,7,0,0.3793237236283715,0,2,0.12067627637162848
S003,1,0.1092083876575602,0.5507883429527283,0.179522658299189,0.0,0.25,0.0490825929484706,0.0554361895741183,1,0.1094887445155685,6,0,0.4555669066547569,0,3,0.04443309334524309
S003,2,0.0086064143042888,0.3530089259147644,0.0,0.0,0.25,0.0,0.0,1,0.0375,14,0,0.2565086038386769,0,3,0.2434913961613231
S003,3,0.015590353055776,0.5272544622421265,0.0,0.0,0.25,0.0,0.0,0,0.0375,15,0,0.2890041298164776,0,3,0.2109958701835224
S003,4,0.1146388675497687,0.5440523028373718,0.179522658299189,0.0,0.25,0.0,0.0,1,0.0913567974897567,10,0,0.40525144389436935,0,3,0.09474855610563065
S003,5,0.4720134401869771,0.8190757036209106,0.4652915323370138,0.3005524580213562,0.5,0.288253784039277,0.067435574942795,1,0.34246404435465,1,1,0.9364836712248871,1,3,0.43648367122488707
S003,6,0.0138999572257982,0.4866127371788025,0.0,0.0,0.2,0.0680496308783247,0.0,1,0.0436099261756649,13,0,0.3126851496504082,0,3,0.18731485034959178
S003,7,0.0066535034332481,0.4738083183765411,0.0,0.0,0.25,0.0,0.0,0,0.0375,16,0,0.2746155489653723,0,3,0.22538445103462768
S003,8,0.1142875738864856,0.5063494443893433,0.0535509531499673,0.1309780507669872,0.25,0.0,0.0934947749753671,1,0.0937851123446927,9,0,0.4445011375943968,0,3,0.0554988624056032
S003,9,0.0069927233110542,0.3028967380523681,0.0,0.0,0.2,0.0,0.0,1,0.03,29,0,0.23811538141045635,0,3,0.26188461858954365
S003,10,0.007500039908208,0.4208544790744781,0.0,0.0,0.25,0.0,0.0,1,0.0375,17,0,0.26952975011297825,0,3,0.23047024988702175
S003,11,0.1169733501842886,0.4980129301548004,0.179522658299189,0.0,0.25,0.0,0.0,1,0.0913567974897567,11,0,0.3950132627002103,0,3,0.10498673729978969
S003,12,0.0058183705449818,0.4118096232414245,0.0,0.0,0.25,0.0,0.0,0,0.0375,18,0,0.26189421520763756,0,3,0.23810578479236244
S003,13,0.007500039908208,0.3195480108261108,0.0,0.0,0.25,0.0,0.0,1,0.0375,19,0,0.2496664572303888,0,3,0.2503335427696112
S003,14,0.0263286835736248,0.3264515697956085,0.0,0.0,0.25,0.0,0.0,1,0.0375,20,0,0.25760546616604596,0,3,0.24239453383395404
S003,15,0.0161188770436144,0.3591165244579315,0.0,0.0,0.25,0.0,0.0,0,0.0375,21,0,0.2552454215643366,0,3,0.2447545784356634
S003,16,0.0077362960980121,0.2408986836671829,0.0,0.0,0.25,0.0,0.0,0,0.0375,22,0,0.2302314296953104,0,3,0.2697685703046896
S003,17,0.1041396922078275,0.5988746285438538,0.1458743908205645,0.2671179274256883,0.5,0.0,0.0,1,0.172185902731307,2,1,0.5891671309439201,1,3,0.08916713094392015
S003,18,0.1294231933352084,0.5130342245101929,0.2128531380826485,0.0,0.25,0.0,0.0,1,0.1013559414247945,7,0,0.41721641880407057,0,3,0.08278358119592943
S003,19,0.0164521744421376,0.39363893866539,0.0,0.0,0.0,0.0817680414659993,0.0,0,0.0163536082931998,30,0,0.2595933545344478,0,3,0.24040664546555218
S003,20,0.1374375051796004,0.5371413230895996,0.2128531380826485,0.0,0.25,0.0,0.0,1,0.1013559414247945,8,0,0.4268397375068903,0,3,0.0731602624931097
S003,21,0.0185057873973428,0.4404744505882263,0.0,0.0,0.25,0.0,0.0,0,0.0375,23,0,0.27222151927721006,0,3,0.22777848072278994
S003,22,0.0089688993863633,0.1517164856195449,0.0,0.0,0.25,0.0,0.0,1,0.0375,24,0,0.2194387391729962,0,3,0.28056126082700383
S003,23,0.0091682049418271,0.4535346031188965,0.0,0.0,0.25,0.0,0.0,1,0.0375,25,0,0.276764414667516,0,3,0.223235585332484
S003,24,0.1737678970236786,0.5417219400405884,0.2019930924979183,0.0,0.5,0.0595143957603065,0.0,0,0.1475008069014368,3,1,0.527407224186471,1,3,0.027407224186471013
S003,25,0.0185057873973428,0.3671582341194153,0.0,0.0,0.25,0.0,0.0,1,0.0375,26,0,0.2628110065319041,0,3,0.2371889934680959
S003,26,0.0253350218808454,0.3921924829483032,0.0,0.0,0.25,0.0,0.0,1,0.0375,27,0,0.2702794514902348,0,3,0.2297205485097652
S003,27,0.2058957990380729,0.7638864517211914,0.1263637396650437,0.0,0.5,0.0,0.0934947749753671,0,0.1269333381458181,4,0,0.5645824637297374,1,3,0.06458246372973742
S003,28,0.1294757016418475,0.5770934820175171,0.179522658299189,0.1309780507669872,0.25,0.0,0.0,1,0.1175524076431541,5,0,0.48538469249166316,0,3,0.014615307508336839
S003,29,0.0140816340656071,0.5269113183021545,0.0,0.0,0.25,0.0,0.0,0,0.0375,28,0,0.2883580546861144,0,3,0.21164194531388558
S003,30,0.0600226643536102,0.3866487145423889,0.0595143957603065,0.0,0.25,0.0,0.0,1,0.0553543187280919,12,0,0.30180098881543044,0,3,0.19819901118456956
S008,1,0.0056085363688019,0.3639620840549469,0.0,0.0,0.25,0.0,0.0,1,0.0375,16,0,0.25758217391597515,0,3,0.24241782608402485
S008,2,0.0176212851303988,0.310335636138916,0.0,0.0,0.25,0.0,0.0,1,0.0375,17,0,0.2514233778053342,0,3,0.2485766221946658
S008,3,0.0240258274893739,0.4814844131469726,0.0612309433454452,0.0,0.25,0.0,0.0,0,0.0558692830036335,8,0,0.30307520811228356,0,3,0.19692479188771644
S008,4,0.0512860169634248,0.4468184113502502,0.0481850575248992,0.0,0.25,0.0,0.0,1,0.0519555172574697,13,0,0.3075135012751125,0,3,0.1924864987248875
S008,5,0.007500039908208,0.3588236570358276,0.0,0.0,0.25,0.0,0.0,1,0.0375,18,0,0.25724991807666897,0,3,0.24275008192333103
S008,6,0.3536537536133852,0.7663808465003967,0.5193070061174111,0.4071146526809137,0.6,0.1683975003721527,0.07780894359285,1,0.3725658739847641,1,1,0.9252375737676957,1,3,0.42523757376769566
S008,7,0.0135958036963161,0.4259080588817596,0.0,0.0,0.25,0.0,0.0,0,0.0375,19,0,0.2674997276425316,0,3,0.2325002723574684
S008,8,0.0243204463702675,0.3722632527351379,0.0,0.0,0.25,0.07780894359285,0.0,1,0.05306178871857,11,0,0.30679631313068756,0,3,0.19320368686931244
S008,9,0.028991909646926,0.4000242948532104,0.0,0.0,0.4,0.0680496308783247,0.0,1,0.0736099261756649,6,0,0.33869217639589433,0,3,0.16130782360410567
S008,10,0.0316367878429492,0.3673345446586609,0.0481850575248992,0.0,0.25,0.0,0.0,1,0.0519555172574697,14,0,0.28306707491339317,0,3,0.21693292508660683
S008,11,0.0339611997279321,0.4045574069023132,0.1011225128250105,0.0,0.25,0.0,0.0,1,0.0678367538475031,7,0,0.30964980807965903,0,3,0.19035019192034097
S008,12,0.2728849412134304,0.7878652215003967,0.2412116874903882,0.1191368923619033,0.5,0.275195812175023,0.275195812175023,0,0.2675094189807551,2,1,0.8595394635873977,1,3,0.35953946358739775
S008,13,0.0153378242773535,0.3361642956733703,0.0,0.0,0.25,0.0,0.0,1,0.0375,20,0,0.25561054916920006,0,3,0.24438945083079994
S008,14,0.0087348633787892,0.2544645667076111,0.0,0.0,0.25,0.0,0.0,1,0.0375,21,0,0.23784686273115369,0,3,0.2621531372688463
S008,15,0.0163612342571635,0.2371899783611297,0.0535509531499673,0.0,0.25,0.0,0.0,0,0.0535652859449901,9,0,0.24813777823665822,0,3,0.2518622217633418
S008,16,0.164650040438885,0.6387447118759155,0.2727396481453687,0.07780894359285,0.25,0.07780894359285,0.0,0,0.1504454718807506,4,0,0.5710383078980119,1,3,0.07103830789801191
S008,17,0.2487458304457831,0.684624195098877,0.0612309433454452,0.0612309433454452,0.75,0.0934947749753671,0.275195812175023,1,0.2030937984940494,3,1,0.7383703916194839,1,3,0.23837039161948392
S008,18,0.0068341616084411,0.3986193537712097,0.0,0.0,0.25,0.0,0.0,1,0.0375,22,0,0.26484540433684906,0,3,0.23515459566315094
S008,19,0.0256884527417117,0.3748781681060791,0.0612309433454452,0.0,0.0,0.0,0.0,0,0.0183692830036335,30,0,0.2383074442002737,0,3,0.2616925557997263
S008,20,0.0372677864851457,0.340221107006073,0.0410070600234428,0.0,0.25,0.0,0.0,1,0.0498021180070328,15,0,0.27726066966018864,0,3,0.22273933033981136
S008,21,0.0093050386333007,0.3212890625,0.0,0.0,0.25,0.0,0.0,0,0.0375,23,0,0.24562938591126637,0,3,0.2543706140887336
S008,22,0.0091027584808402,0.1210684776306152,0.0,0.0,0.25,0.0,0.0,1,0.0375,24,0,0.21417039745925487,0,3,0.28582960254074513
S008,23,0.018784033273654,0.3800562024116516,0.0,0.0,0.25,0.0,0.0,1,0.0375,25,0,0.265469570238344,0,3,0.234530429761656
S008,24,0.0229246043857701,0.3208293914794922,0.0,0.0,0.25,0.0,0.0,0,0.0375,26,0,0.2502484388193038,0,3,0.2497515611806962
S008,25,0.0484097983589997,0.4234064221382141,0.2095424038071012,0.0,0.25,0.0,0.0,1,0.1003627211421303,5,0,0.3586680952709105,0,3,0.14133190472908952
S008,26,0.0169562463348717,0.3102362751960754,0.0,0.0,0.25,0.0,0.0,1,0.0375,27,0,0.2511724041566223,0,3,0.2488275958433777
S008,27,0.0166507721022649,0.359066367149353,0.0,0.0,0.25,0.07780894359285,0.0,0,0.05306178871857,12,0,0.2953351819979322,0,3,0.20466481800206782
S008,28,0.007500039908208,0.4253492653369903,0.0,0.0,0.25,0.0,0.0,1,0.0375,28,0,0.2704337859795433,0,3,0.22956621402045668
S008,29,0.0142933600800884,0.542655348777771,0.0,0.0,0.25,0.0,0.0,0,0.0375,29,0,0.2917473020158281,0,3,0.2082526979841719
S008,30,0.0128523941392566,0.2691029012203216,0.0535509531499673,0.0,0.25,0.0,0.0,1,0.0535652859449901,10,0,0.2581291401904108,0,3,0.24187085980958922
S002,1,0.4049633566958208,0.8160744309425354,0.2243746584076321,0.1631948625672096,1.0,0.0,0.3774756547160136,1,0.3065727182431336,2,1,0.9167436565632456,1,4,0.41674365656324563
S002,2,0.0251708195951114,0.3941407203674316,0.0535509531499673,0.0,0.5,0.0,0.0,1,0.0910652859449901,8,0,0.3368418837948115,0,4,0.1631581162051885
S002,3,0.0074182561768453,0.5617043375968933,0.0,0.0,0.25,0.0,0.0,0,0.0375,19,0,0.29373477367836354,0,4,0.20626522632163646
S002,4,0.0483499918796653,0.4685307145118713,0.0481850575248992,0.0,0.25,0.0,0.05612175491366,1,0.0603737804945187,14,0,0.3305457053153007,0,4,0.1694542946846993
S002,5,0.0680319916712692,0.4197863936424255,0.0,0.0595143957603065,0.25,0.0680496308783247,0.05612175491366,1,0.0714310685647752,11,0,0.3800440851205417,0,4,0.11995591487945828
S002,6,0.0066192903033832,0.4292495548725128,0.0,0.0,0.2,0.0,0.0,1,0.03,28,0,0.25440557025064087,0,4,0.24559442974935913
S002,7,0.0063799772289011,0.3870370388031006,0.0,0.0,0.25,0.0,0.0,0,0.0375,20,0,0.25838327400514216,0,4,0.24161672599485784
S002,8,0.7048524961218147,0.947544813156128,1.0000000000000002,0.288253784039277,1.0,0.275195812175023,0.275195812175023,1,0.6039692910691135,1,1,0.9939690080035443,1,4,0.49396900800354426
S002,9,0.0067052517429532,0.2689840197563171,0.0,0.0,0.2,0.0,0.0,1,0.03,29,0,0.22516888883381714,0,4,0.27483111116618286
S002,10,0.0071917125030861,0.3829039931297302,0.0,0.0,0.25,0.0,0.0,1,0.0375,21,0,0.2557001245307491,0,4,0.24429987546925092
S002,11,0.0402480431960341,0.3970735073089599,0.0481850575248992,0.0,0.25,0.0,0.0680496308783247,1,0.0621629618892184,13,0,0.31730757632348616,0,4,0.18269242367651384
S002,12,0.011220607325229,0.3737733960151672,0.0,0.0,0.25,0.0,0.0,0,0.0375,22,0,0.2575613302694667,0,4,0.2424386697305333
S002,13,0.0144851936886896,0.3867347836494446,0.0481850575248992,0.0,0.25,0.0,0.0,1,0.0519555172574697,15,0,0.27401490686752855,0,4,0.22598509313247145
S002,14,0.0523109890651566,0.4010838866233825,0.0481850575248992,0.0,0.25,0.0,0.0,1,0.0519555172574697,16,0,0.2911955738396317,0,4,0.20880442616036832
S002,15,0.1226260655507632,0.628005862236023,0.179522658299189,0.0,0.5,0.0,0.07780894359285,0,0.1405281390286842,4,0,0.5303806107120929,1,4,0.03038061071209286
S002,16,0.0149450640120296,0.1914775967597961,0.0,0.0,0.25,0.0,0.0,0,0.0375,23,0,0.22538682749597652,0,4,0.2746131725040235
S002,17,0.0222887787766332,0.3068156838417053,0.0,0.0535509531499673,0.25,0.0,0.0,1,0.0482101906299934,18,0,0.266735916915739,0,4,0.233264083084261
S002,18,0.0842804089495005,0.3721415102481842,0.0865521089268211,0.0,0.75,0.0,0.07780894359285,1,0.1501369742169738,3,1,0.47389941890926296,0,4,0.02610058109073704
S002,19,0.0,0.4534288346767425,0.0,0.0,0.0,0.0,0.0,0,0.0,30,0,0.22083843123997696,0,4,0.27916156876002307
S002,20,0.0655515136733462,0.3620007038116455,0.0865521089268211,0.0,0.25,0.0,0.0680496308783247,1,0.073673077309795,10,0,0.3333198758512859,0,4,0.16668012414871408
S002,21,0.0087912991021334,0.4569622576236725,0.0,0.0,0.25,0.0,0.0,0,0.0375,24,0,0.2729341368933246,0,4,0.22706586310667543
S002,22,0.0173500007943003,0.1575567126274109,0.0,0.0,0.5,0.0,0.0,1,0.075,9,0,0.2661198028773473,0,4,0.23388019712265268
S002,23,0.0087912991021334,0.4032237529754638,0.0,0.0,0.25,0.0,0.0,1,0.0375,25,0,0.2601695481428793,0,4,0.2398304518571207
S002,24,0.0519868706132153,0.4053407907485962,0.0535509531499673,0.0,0.25,0.0,0.07780894359285,0,0.0652366274839176,12,0,0.3330120026039682,0,4,0.16698799739603182
S002,25,0.0087912991021334,0.2753912210464477,0.0,0.0,0.25,0.0,0.0,1,0.0375,26,0,0.23626472253163314,0,4,0.2637352774683669
S002,26,0.076823012221088,0.5843696594238281,0.0535509531499673,0.0,0.5,0.0,0.275195812175023,1,0.1323446577712436,6,0,0.5536799180250895,1,4,0.053679918025089535
S002,27,0.040442921506186,0.4365200400352478,0.0,0.0,0.25,0.0,0.07780894359285,0,0.0491713415389275,17,0,0.3164732888843776,0,4,0.1835267111156224
S002,28,0.1105993200123447,0.5533908605575562,0.0481850575248992,0.0595143957603065,0.5,0.0,0.2357703398303297,1,0.1367239473840805,5,0,0.5668701076808284,1,4,0.06687010768082835
S002,29,0.0067052517429532,0.4314560890197754,0.0,0.0,0.25,0.0,0.0,0,0.0375,27,0,0.26712796807198896,0,4,0.23287203192801104
S002,30,0.0923104379724616,0.5797252655029297,0.0535509531499673,0.0,0.5,0.0,0.1458743908205645,1,0.1129464445680748,7,0,0.4887227896921778,0,4,0.011277210307822194
S007,1,0.0231905228103138,0.3700191974639892,0.0,0.0,0.25,0.0490825929484706,0.0,1,0.0473165185896941,17,0,0.28579860207747876,0,4,0.21420139792252124
S007,2,0.0088692408742034,0.2424926310777664,0.0,0.0,0.25,0.0,0.0,1,0.0375,18,0,0.23038978665841778,0,4,0.2696102133415822
S007,3,0.0677501687780065,0.4736015498638153,0.07780894359285,0.0,0.25,0.0,0.0735747461058951,0,0.0718788949937392,7,0,0.3618043751846872,0,4,0.13819562481531278
S007,4,0.0071138857507746,0.3940889239311218,0.0,0.0,0.25,0.0,0.0,1,0.0375,19,0,0.25781274845512575,0,4,0.24218725154487425
S007,5,0.2149883783328292,0.669482409954071,0.1683975003721527,0.2357703398303297,0.25,0.0595143957603065,0.067435574942795,1,0.1571915334711923,2,1,0.6571540959594647,1,4,0.15715409595946472
S007,6,0.0766732067582657,0.4260450005531311,0.1904842771117606,0.0,0.2,0.0680496308783247,0.0,1,0.1007552093091931,3,1,0.3877364227346108,0,4,0.11226357726538921
S007,7,0.0281320183057767,0.4204476773738861,0.0,0.0,0.25,0.0,0.0,0,0.0375,20,0,0.27280893957777175,0,4,0.22719106042222825
S007,8,0.0081032434870922,0.2824651896953583,0.0,0.0,0.25,0.0,0.0,1,0.0375,21,0,0.23731527243842274,0,4,0.26268472756157724
S007,9,0.0072062702560683,0.3490517437458038,0.0,0.0,0.2,0.0,0.0,1,0.03,30,0,0.23965419143642133,0,4,0.2603458085635787
S007,10,0.0568846422237598,0.3532630503177643,0.0612309433454452,0.0,0.25,0.0,0.0934947749753671,1,0.0698934992499386,9,0,0.3312918791714174,0,4,0.1687081208285826
S007,11,0.0345042878485468,0.4178620278835296,0.0612309433454452,0.0,0.25,0.0817680414659993,0.0,1,0.0722228912968334,6,0,0.34095604874981766,0,4,0.15904395125018234
S007,12,0.018310983630494,0.3492123186588287,0.0,0.0,0.25,0.0,0.0,0,0.0375,22,0,0.2553804780421947,0,4,0.24461952195780529
S007,13,0.0077290795167607,0.2639616131782532,0.0,0.0,0.25,0.0,0.0,1,0.0375,23,0,0.23384870029396498,0,4,0.266151299706035
S007,14,0.0088692408742034,0.3289026021957397,0.0,0.0,0.25,0.0,0.0,1,0.0375,24,0,0.24611031908093425,0,4,0.2538896809190657
S007,15,0.0338991013803323,0.2966960966587066,0.0680496308783247,0.0,0.25,0.0,0.0,0,0.0579148892634974,10,0,0.2718050924776716,0,4,0.2281949075223284
S007,16,0.0677221018311659,0.3435457348823547,0.05612175491366,0.0,0.25,0.0680496308783247,0.0817680414659993,0,0.0802116588696628,4,0,0.3713777220968913,0,4,0.1286222779031087
S007,17,0.0406426198309767,0.4831533432006836,0.07780894359285,0.0,0.25,0.0817680414659993,0.0,1,0.0771962913710548,5,0,0.3645278836728729,0,4,0.13547211632712708
S007,18,0.0139738961707352,0.4523349404335022,0.0,0.0,0.25,0.0,0.0,1,0.0375,25,0,0.2716632266467539,0,4,0.2283367733532461
S007,19,0.0720123456725263,0.354675829410553,0.07780894359285,0.0612309433454452,0.0,0.0,0.0817680414659993,0,0.0478540779668439,16,0,0.30972572665609766,0,4,0.19027427334390234
S007,20,0.0147097402482321,0.3553060889244079,0.0,0.0,0.25,0.0680496308783247,0.0,1,0.0511099261756649,13,0,0.2902923684998974,0,4,0.20970763150010258
S007,21,0.0190752195799321,0.3450909256935119,0.0,0.0,0.25,0.0,0.0,0,0.0375,26,0,0.25486533555342367,0,4,0.24513466444657633
S007,22,0.0186560478576989,0.1486426591873169,0.0,0.0,0.25,0.0,0.0,1,0.0375,27,0,0.2172084295868648,0,4,0.2827915704131352
S007,23,0.0289497426927344,0.3000736832618713,0.0,0.0,0.25,0.0,0.0934947749753671,1,0.051524216246305,12,0,0.28800425898580123,0,4,0.21199574101419877
S007,24,0.015344868623119,0.343353271484375,0.0,0.0,0.25,0.0595143957603065,0.0,0,0.0494028791520613,15,0,0.28557924837393467,0,4,0.21442075162606533
S007,25,0.41123000859844,0.8907740116119385,0.5586177528223195,0.275195812175023,0.5,0.4392749903163553,0.0934947749753671,1,0.3995037025912766,1,1,0.9645922390210433,1,4,0.4645922390210433
S007,26,0.0085376010706605,0.2883124053478241,0.0,0.0,0.25,0.0,0.0,1,0.0375,28,0,0.23852486439785484,0,4,0.2614751356021452
S007,27,0.0345637986212794,0.444927453994751,0.0680496308783247,0.0612309433454452,0.25,0.0,0.0,0,0.0701610779325864,8,0,0.3284737590029388,0,4,0.1715262409970612
S007,28,0.0076154208288552,0.3886079788208008,0.0,0.0,0.25,0.0,0.0,1,0.0375,29,0,0.25694064670232647,0,4,0.24305935329767353
S007,29,0.0461792781165497,0.5123878717422485,0.0,0.0612309433454452,0.25,0.0,0.0,0,0.049746188669089,14,0,0.3242880374267976,0,4,0.17571196257320237
S007,30,0.0198079665797305,0.2895663380622864,0.0680496308783247,0.0,0.25,0.0,0.0,1,0.0579148892634974,11,0,0.2630327251973467,0,4,0.23696727480265328
S001,1,0.1321705699467742,0.566020131111145,0.4176446358773051,0.1450404822587594,0.5,0.0375853783499907,0.0363058810932966,1,0.242264445048936,1,1,0.6821277876171346,1,5,0.18212778761713455
S001,2,0.2007594851034963,0.7329697608947754,0.3052062174731,0.0612309433454452,0.75,0.0,0.1011225128250105,1,0.2314764308347706,2,1,0.7358179265589129,1,5,0.23581792655891287
S001,3,0.0126068776744718,0.5391687154769897,0.0,0.0,0.25,0.0,0.0481850575248992,0,0.0447277586287348,22,0,0.30746372287836893,0,5,0.19253627712163107
S001,4,0.1110057016658125,0.4339761435985565,0.1450404822587594,0.0481850575248992,0.25,0.0,0.0,1,0.0906491561826076,12,0,0.3843278441435784,0,5,0.1156721558564216
S001,5,0.0638730435601745,0.3779385089874267,0.0,0.0,0.25,0.0455736127117526,0.0,1,0.0466147225423505,19,0,0.31023516272091584,0,5,0.18976483727908416
S001,6,0.0228242529410926,0.5175291895866394,0.0,0.0,0.2,0.0521095355704661,0.0,1,0.0404219071140932,23,0,0.31215935642557446,0,5,0.18784064357442554
S001,7,0.0053869673604033,0.378795862197876,0.0,0.0,0.25,0.0,0.0,0,0.0375,24,0,0.26053904445641674,0,5,0.23946095554358326
S001,8,0.0984983171754745,0.5184484720230103,0.0923213982930813,0.0,0.5,0.0,0.0,1,0.1026964194879243,10,0,0.4340850091311914,0,5,0.06591499086880859
S001,9,0.0056616146087402,0.3241400122642517,0.0,0.0,0.2,0.0,0.0,1,0.03,29,0,0.24169873278891874,0,5,0.25830126721108126
S001,10,0.0311183719920402,0.5836004018783569,0.1450404822587594,0.0,0.25,0.0,0.0,1,0.0810121446776278,13,0,0.3590327269165796,0,5,0.14096727308342039
S001,11,0.1170426815881959,0.4155457615852356,0.1450404822587594,0.0,0.25,0.0,0.0,1,0.0810121446776278,14,0,0.3586636169539648,0,5,0.14133638304603519
S001,12,0.0142998691224713,0.422048807144165,0.0,0.0,0.25,0.0,0.0,0,0.0375,25,0,0.2717522970749202,0,5,0.2282477029250798
S001,13,0.223633588841864,0.6832307577133179,0.2670453137166024,0.0,0.5,0.0521095355704661,0.1130407841661348,1,0.1824916188539941,3,1,0.6594913059473378,1,5,0.15949130594733785
S001,14,0.0439197334479113,0.5274240970611572,0.0,0.0,0.25,0.0,0.0,1,0.0375,26,0,0.3068711965395529,0,5,0.19312880346044708
S001,15,0.0130342597381662,0.3845015466213226,0.0,0.0,0.25,0.0,0.0612309433454452,0,0.0466846415018167,16,0,0.280861922860333,0,5,0.219138077139667
S001,16,0.0190464253141144,0.2824329733848572,0.0,0.0,0.25,0.0,0.0535509531499673,0,0.045532642972495,20,0,0.26183104079590985,0,5,0.23816895920409015
S001,17,0.0061657777518801,0.2794734239578247,0.0,0.0,0.25,0.0,0.0,1,0.0375,27,0,0.2461161684582475,0,5,0.25388383154175254
S001,18,0.1581281489840471,0.4381745755672455,0.171968943030837,0.0535509531499673,0.5,0.0626145154691358,0.0,1,0.1498237766330717,4,0,0.5404767134448973,1,5,0.04047671344489734
S001,19,0.0,0.4067773222923279,0.0,0.0,0.0,0.0,0.0,0,0.0,30,0,0.20528630376196783,0,5,0.2947136962380322
S001,20,0.1609522853472115,0.3407416343688965,0.171968943030837,0.1011225128250105,0.25,0.0,0.0,1,0.1093151854742532,9,0,0.42164662187178525,0,5,0.07835337812821475
S001,21,0.0306967310909331,0.567621111869812,0.0,0.0,0.25,0.0,0.0612309433454452,0,0.0466846415018167,17,0,0.32432294583776866,0,5,0.17567705416223134
S001,22,0.1747211519875221,0.5193793177604675,0.0441644345352743,0.0,0.75,0.0626145154691358,0.0,1,0.1382722334544094,6,0,0.5746278725691123,1,5,0.0746278725691123
S001,23,0.0304150318876026,0.4924497604370117,0.1904842771117606,0.0,0.25,0.0,0.0,1,0.0946452831335281,11,0,0.3536612475416416,0,5,0.14633875245835842
S001,24,0.1775504437008008,0.3987539410591125,0.1631948625672096,0.0,0.5,0.0455736127117526,0.0,0,0.1330731813125134,7,0,0.49281216492525787,0,5,0.007187835074742133
S001,25,0.0149643947865343,0.2966952323913574,0.0,0.0,0.25,0.0,0.0612309433454452,1,0.0466846415018167,18,0,0.26827090809399634,0,5,0.23172909190600366
S001,26,0.1037536016818727,0.7090789079666138,0.2300957578583872,0.0,0.5,0.0,0.0,1,0.1440287273575161,5,0,0.5300854569211971,1,5,0.03008545692119713
S001,27,0.0556903860100004,0.3683955669403076,0.0,0.0,0.25,0.0,0.0,0,0.0375,28,0,0.2767545609710009,0,5,0.22324543902899913
S001,28,0.0981631505916418,0.5604385733604431,0.1450404822587594,0.0,0.25,0.0,0.0,1,0.0810121446776278,15,0,0.38263824817040537,0,5,0.11736175182959463
S001,29,0.0113868773520823,0.4012443125247955,0.0,0.0,0.25,0.0,0.0535509531499673,0,0.045532642972495,21,0,0.2813440606220712,0,5,0.21865593937792882
S001,30,0.1009008845855874,0.5617364048957825,0.0490825929484706,0.1130407841661348,0.5,0.0455736127117526,0.0,1,0.1214476572601186,8,0,0.5207214202107252,1,5,0.020721420210725205
S006,1,0.0059797033870352,0.5085409283638,0.0,0.0,0.25,0.0,0.0,1,0.0375,11,0,0.2885551546533955,0,5,0.21144484534660452
S006,2,0.0285625981474936,0.472865492105484,0.0,0.07780894359285,0.25,0.0,0.0,1,0.05306178871857,8,0,0.32573105822459497,0,5,0.17426894177540503
S006,3,0.0083713799392021,0.4362552464008331,0.0,0.0,0.25,0.0,0.0,0,0.0375,12,0,0.272264875543804,0,5,0.22773512445619598
S006,4,0.4953351370219238,0.930209457874298,0.4273247353991627,0.5332087607532633,1.0,0.2523342014336961,0.0,1,0.4353060130571407,1,1,0.978094315898437,1,5,0.478094315898437
S006,5,0.0079963846345871,0.4657306671142578,0.0,0.0,0.25,0.0,0.0,1,0.0375,13,0,0.2810357687547007,0,5,0.2189642312452993
S006,6,0.007469760107565,0.3596989512443542,0.0,0.0,0.2,0.0,0.0,1,0.03,28,0,0.24855676972766003,0,5,0.25144323027233995
S006,7,0.0071996992437786,0.4405631721019745,0.0,0.0,0.25,0.0,0.0,0,0.0375,14,0,0.2726484721080664,0,5,0.22735152789193358
S006,8,0.0171596449475133,0.4490501582622528,0.0,0.0,0.25,0.0,0.0,1,0.0375,15,0,0.28123926246982744,0,5,0.21876073753017256
S006,9,0.0075667661765935,0.4319701194763183,0.0,0.0,0.2,0.0,0.0,1,0.03,29,0,0.26161967515574386,0,5,0.23838032484425614
S006,10,0.0081157291338578,0.5079522728919983,0.0,0.0,0.25,0.0,0.0,1,0.0375,16,0,0.289246622711084,0,5,0.21075337728891602
S006,11,0.1470710224617248,0.7569730281829834,0.0940756644103793,0.0,1.0,0.0,0.0,1,0.1782226993231138,4,0,0.6697345982767152,1,5,0.16973459827671522
S006,12,0.3319822468955666,0.699729323387146,0.4431730651099821,0.1195462239454718,0.5,0.0,0.0934947749753671,0,0.245885380568394,2,1,0.7686340755180052,1,5,0.2686340755180052
S006,13,0.0081157291338578,0.501932680606842,0.0,0.0,0.25,0.0,0.0,1,0.0375,17,0,0.2880737349676992,0,5,0.21192626503230078
S006,14,0.0187970580909846,0.4355509579181671,0.0,0.0,0.25,0.0934947749753671,0.0,1,0.0561989549950734,7,0,0.33181679362702954,0,5,0.16818320637297046
S006,15,0.0086528195234574,0.2790362238883972,0.0,0.0,0.25,0.0,0.0,0,0.0375,18,0,0.2438232357067668,0,5,0.2561767642932332
S006,16,0.1536360487529738,0.511066734790802,0.3026126793337808,0.0,0.5,0.0,0.0,0,0.1657838038001342,5,0,0.527571940547827,1,5,0.027571940547826967
S006,17,0.0082405818427298,0.342862606048584,0.0,0.0,0.25,0.0,0.0,1,0.0375,19,0,0.25817572108019027,0,5,0.24182427891980973
S006,18,0.0072864392116389,0.3404811322689056,0.0,0.0,0.25,0.0,0.0,1,0.0375,20,0,0.2574079296676591,0,5,0.24259207033234093
S006,19,0.0,0.2600106596946716,0.0,0.0,0.0,0.0,0.0,0,0.0,30,0,0.183495104092539,0,5,0.316504895907461
S006,20,0.3082579042382711,0.856182336807251,0.125021340887689,0.1304943615298482,1.0,0.0934947749753671,0.0,1,0.2323042295673497,3,1,0.841533796383521,1,5,0.341533796383521
S006,21,0.0516216366586321,0.4105196893215179,0.0,0.07780894359285,0.25,0.0,0.0,0,0.05306178871857,9,0,0.3184500668267807,0,5,0.18154993317321932
S006,22,0.009705169431017,0.2919760346412658,0.0,0.0,0.25,0.0,0.0,1,0.0375,21,0,0.24953983705212301,0,5,0.250460162947877
S006,23,0.0099208362705024,0.4403381943702698,0.0,0.0,0.25,0.0,0.0,1,0.0375,22,0,0.2769003860416001,0,5,0.2230996139583999
S006,24,0.0522187426994936,0.5925949811935425,0.0,0.0680496308783247,0.25,0.0,0.0,0,0.0511099261756649,10,0,0.35251399068852246,0,5,0.14748600931147754
S006,25,0.0099208362705024,0.374099850654602,0.0,0.0,0.25,0.0,0.0,1,0.0375,23,0,0.2644933426645826,0,5,0.23550665733541742
S006,26,0.0089646972310429,0.4277422428131103,0.0,0.0,0.25,0.0,0.0,1,0.0375,24,0,0.274163869326201,0,5,0.22583613067379898
S006,27,0.0088046183246733,0.5229595303535461,0.0,0.0,0.25,0.0,0.0,0,0.0375,25,0,0.28903178499874793,0,5,0.21096821500125207
S006,28,0.0767735050474255,0.6287093162536621,0.0,0.0680496308783247,0.75,0.0,0.0,1,0.1261099261756649,6,0,0.5354533491114077,1,5,0.03545334911140774
S006,29,0.0152470786184198,0.5225711464881897,0.0,0.0,0.25,0.0,0.0,0,0.0375,26,0,0.2913940386289435,0,5,0.20860596137105653
S006,30,0.0068081403928167,0.3681768178939819,0.0,0.0,0.25,0.0,0.0,1,0.0375,27,0,0.26229334265163456,0,5,0.23770665734836544
