student_id,researcher_id,tfidf_similarity,semantic_similarity,research_area_similarity,expertise_similarity,skill_overlap,project_similarity,publication_similarity,department_match,prototype_relevance_score,student_rank,relevance_label,predicted_probability,predicted_label,fold
S010,11,0.1164467459921988,0.6148034334182739,0.1595519155841406,0.0,0.75,0.0,0.0,1,0.1603655746752421,4,0,0.5097405319536905,1,1
S003,27,0.2058957990380729,0.7638864517211914,0.1263637396650437,0.0,0.5,0.0,0.0934947749753671,0,0.1269333381458181,4,0,0.5645824637297374,1,3
S008,16,0.164650040438885,0.6387447118759155,0.2727396481453687,0.07780894359285,0.25,0.07780894359285,0.0,0,0.1504454718807506,4,0,0.5710383078980119,1,3
S002,15,0.1226260655507632,0.628005862236023,0.179522658299189,0.0,0.5,0.0,0.07780894359285,0,0.1405281390286842,4,0,0.5303806107120929,1,4
S002,26,0.076823012221088,0.5843696594238281,0.0535509531499673,0.0,0.5,0.0,0.275195812175023,1,0.1323446577712436,6,0,0.5536799180250895,1,4
S002,28,0.1105993200123447,0.5533908605575562,0.0481850575248992,0.0595143957603065,0.5,0.0,0.2357703398303297,1,0.1367239473840805,5,0,0.5668701076808284,1,4
S001,18,0.1581281489840471,0.4381745755672455,0.171968943030837,0.0535509531499673,0.5,0.0626145154691358,0.0,1,0.1498237766330717,4,0,0.5404767134448973,1,5
S001,22,0.1747211519875221,0.5193793177604675,0.0441644345352743,0.0,0.75,0.0626145154691358,0.0,1,0.1382722334544094,6,0,0.5746278725691123,1,5
S001,26,0.1037536016818727,0.7090789079666138,0.2300957578583872,0.0,0.5,0.0,0.0,1,0.1440287273575161,5,0,0.5300854569211971,1,5
S001,30,0.1009008845855874,0.5617364048957825,0.0490825929484706,0.1130407841661348,0.5,0.0455736127117526,0.0,1,0.1214476572601186,8,0,0.5207214202107252,1,5
S006,11,0.1470710224617248,0.7569730281829834,0.0940756644103793,0.0,1.0,0.0,0.0,1,0.1782226993231138,4,0,0.6697345982767152,1,5
S006,16,0.1536360487529738,0.511066734790802,0.3026126793337808,0.0,0.5,0.0,0.0,0,0.1657838038001342,5,0,0.527571940547827,1,5
S006,28,0.0767735050474255,0.6287093162536621,0.0,0.0680496308783247,0.75,0.0,0.0,1,0.1261099261756649,6,0,0.5354533491114077,1,5
