student_id,researcher_id,tfidf_similarity,semantic_similarity,research_area_similarity,expertise_similarity,skill_overlap,project_similarity,publication_similarity,department_match,prototype_relevance_score,student_rank,relevance_label
S001,1,0.1321705699467742,0.566020131111145,0.4176446358773051,0.1450404822587594,0.5,0.0375853783499907,0.0363058810932966,1,0.24226444504893607,1,1
S001,2,0.2007594851034963,0.7329697608947754,0.3052062174731,0.0612309433454452,0.75,0.0,0.1011225128250105,1,0.23147643083477062,2,1
S001,3,0.0126068776744718,0.5391687154769897,0.0,0.0,0.25,0.0,0.0481850575248992,0,0.044727758628734876,22,0
S001,4,0.1110057016658125,0.4339761435985565,0.1450404822587594,0.0481850575248992,0.25,0.0,0.0,1,0.09064915618260766,12,0
S001,5,0.0638730435601745,0.3779385089874267,0.0,0.0,0.25,0.0455736127117526,0.0,1,0.04661472254235052,19,0
S001,6,0.0228242529410926,0.5175291895866394,0.0,0.0,0.2,0.0521095355704661,0.0,1,0.04042190711409322,23,0
S001,7,0.0053869673604033,0.378795862197876,0.0,0.0,0.25,0.0,0.0,0,0.0375,24,0
S001,8,0.0984983171754745,0.5184484720230103,0.0923213982930813,0.0,0.5,0.0,0.0,1,0.10269641948792438,10,0
S001,9,0.0056616146087402,0.3241400122642517,0.0,0.0,0.2,0.0,0.0,1,0.03,29,0
S001,10,0.0311183719920402,0.5836004018783569,0.1450404822587594,0.0,0.25,0.0,0.0,1,0.08101214467762782,13,0
S001,11,0.1170426815881959,0.4155457615852356,0.1450404822587594,0.0,0.25,0.0,0.0,1,0.08101214467762782,14,0
S001,12,0.0142998691224713,0.422048807144165,0.0,0.0,0.25,0.0,0.0,0,0.0375,25,0
S001,13,0.223633588841864,0.6832307577133179,0.2670453137166024,0.0,0.5,0.0521095355704661,0.1130407841661348,1,0.18249161885399415,3,1
S001,14,0.0439197334479113,0.5274240970611572,0.0,0.0,0.25,0.0,0.0,1,0.0375,26,0
S001,15,0.0130342597381662,0.3845015466213226,0.0,0.0,0.25,0.0,0.0612309433454452,0,0.04668464150181678,16,0
S001,16,0.0190464253141144,0.2824329733848572,0.0,0.0,0.25,0.0,0.0535509531499673,0,0.045532642972495097,20,0
S001,17,0.0061657777518801,0.2794734239578247,0.0,0.0,0.25,0.0,0.0,1,0.0375,27,0
S001,18,0.1581281489840471,0.4381745755672455,0.171968943030837,0.0535509531499673,0.5,0.0626145154691358,0.0,1,0.14982377663307173,4,0
S001,19,0.0,0.4067773222923279,0.0,0.0,0.0,0.0,0.0,0,0.0,30,0
S001,20,0.1609522853472115,0.3407416343688965,0.171968943030837,0.1011225128250105,0.25,0.0,0.0,1,0.1093151854742532,9,0
S001,21,0.0306967310909331,0.567621111869812,0.0,0.0,0.25,0.0,0.0612309433454452,0,0.04668464150181678,17,0
S001,22,0.1747211519875221,0.5193793177604675,0.0441644345352743,0.0,0.75,0.0626145154691358,0.0,1,0.13827223345440945,6,0
S001,23,0.0304150318876026,0.4924497604370117,0.1904842771117606,0.0,0.25,0.0,0.0,1,0.09464528313352819,11,0
S001,24,0.1775504437008008,0.3987539410591125,0.1631948625672096,0.0,0.5,0.0455736127117526,0.0,0,0.1330731813125134,7,0
S001,25,0.0149643947865343,0.2966952323913574,0.0,0.0,0.25,0.0,0.0612309433454452,1,0.04668464150181678,18,0
S001,26,0.1037536016818727,0.7090789079666138,0.2300957578583872,0.0,0.5,0.0,0.0,1,0.14402872735751615,5,0
S001,27,0.0556903860100004,0.3683955669403076,0.0,0.0,0.25,0.0,0.0,0,0.0375,28,0
S001,28,0.0981631505916418,0.5604385733604431,0.1450404822587594,0.0,0.25,0.0,0.0,1,0.08101214467762782,15,0
S001,29,0.0113868773520823,0.4012443125247955,0.0,0.0,0.25,0.0,0.0535509531499673,0,0.045532642972495097,21,0
S001,30,0.1009008845855874,0.5617364048957825,0.0490825929484706,0.1130407841661348,0.5,0.0455736127117526,0.0,1,0.12144765726011866,8,0
S002,1,0.4049633566958208,0.8160744309425354,0.2243746584076321,0.1631948625672096,1.0,0.0,0.3774756547160136,1,0.3065727182431336,2,1
S002,2,0.0251708195951114,0.3941407203674316,0.0535509531499673,0.0,0.5,0.0,0.0,1,0.09106528594499019,8,0
S002,3,0.0074182561768453,0.5617043375968933,0.0,0.0,0.25,0.0,0.0,0,0.0375,19,0
S002,4,0.0483499918796653,0.4685307145118713,0.0481850575248992,0.0,0.25,0.0,0.05612175491366,1,0.06037378049451876,14,0
S002,5,0.0680319916712692,0.4197863936424255,0.0,0.0595143957603065,0.25,0.0680496308783247,0.05612175491366,1,0.07143106856477524,11,0
S002,6,0.0066192903033832,0.4292495548725128,0.0,0.0,0.2,0.0,0.0,1,0.03,28,0
S002,7,0.0063799772289011,0.3870370388031006,0.0,0.0,0.25,0.0,0.0,0,0.0375,20,0
S002,8,0.7048524961218147,0.947544813156128,1.0000000000000002,0.288253784039277,1.0,0.275195812175023,0.275195812175023,1,0.6039692910691135,1,1
S002,9,0.0067052517429532,0.2689840197563171,0.0,0.0,0.2,0.0,0.0,1,0.03,29,0
S002,10,0.0071917125030861,0.3829039931297302,0.0,0.0,0.25,0.0,0.0,1,0.0375,21,0
S002,11,0.0402480431960341,0.3970735073089599,0.0481850575248992,0.0,0.25,0.0,0.0680496308783247,1,0.062162961889218465,13,0
S002,12,0.011220607325229,0.3737733960151672,0.0,0.0,0.25,0.0,0.0,0,0.0375,22,0
S002,13,0.0144851936886896,0.3867347836494446,0.0481850575248992,0.0,0.25,0.0,0.0,1,0.05195551725746976,15,0
S002,14,0.0523109890651566,0.4010838866233825,0.0481850575248992,0.0,0.25,0.0,0.0,1,0.05195551725746976,16,0
S002,15,0.1226260655507632,0.628005862236023,0.179522658299189,0.0,0.5,0.0,0.07780894359285,0,0.1405281390286842,4,0
S002,16,0.0149450640120296,0.1914775967597961,0.0,0.0,0.25,0.0,0.0,0,0.0375,23,0
S002,17,0.0222887787766332,0.3068156838417053,0.0,0.0535509531499673,0.25,0.0,0.0,1,0.04821019062999346,18,0
S002,18,0.0842804089495005,0.3721415102481842,0.0865521089268211,0.0,0.75,0.0,0.07780894359285,1,0.1501369742169738,3,1
S002,19,0.0,0.4534288346767425,0.0,0.0,0.0,0.0,0.0,0,0.0,30,0
S002,20,0.0655515136733462,0.3620007038116455,0.0865521089268211,0.0,0.25,0.0,0.0680496308783247,1,0.07367307730979503,10,0
S002,21,0.0087912991021334,0.4569622576236725,0.0,0.0,0.25,0.0,0.0,0,0.0375,24,0
S002,22,0.0173500007943003,0.1575567126274109,0.0,0.0,0.5,0.0,0.0,1,0.075,9,0
S002,23,0.0087912991021334,0.4032237529754638,0.0,0.0,0.25,0.0,0.0,1,0.0375,25,0
S002,24,0.0519868706132153,0.4053407907485962,0.0535509531499673,0.0,0.25,0.0,0.07780894359285,0,0.06523662748391769,12,0
S002,25,0.0087912991021334,0.2753912210464477,0.0,0.0,0.25,0.0,0.0,1,0.0375,26,0
S002,26,0.076823012221088,0.5843696594238281,0.0535509531499673,0.0,0.5,0.0,0.275195812175023,1,0.13234465777124363,6,0
S002,27,0.040442921506186,0.4365200400352478,0.0,0.0,0.25,0.0,0.07780894359285,0,0.0491713415389275,17,0
S002,28,0.1105993200123447,0.5533908605575562,0.0481850575248992,0.0595143957603065,0.5,0.0,0.2357703398303297,1,0.1367239473840805,5,0
S002,29,0.0067052517429532,0.4314560890197754,0.0,0.0,0.25,0.0,0.0,0,0.0375,27,0
S002,30,0.0923104379724616,0.5797252655029297,0.0535509531499673,0.0,0.5,0.0,0.1458743908205645,1,0.11294644456807487,7,0
S003,1,0.1092083876575602,0.5507883429527283,0.179522658299189,0.0,0.25,0.0490825929484706,0.0554361895741183,1,0.10948874451556856,6,0
S003,2,0.0086064143042888,0.3530089259147644,0.0,0.0,0.25,0.0,0.0,1,0.0375,14,0
S003,3,0.015590353055776,0.5272544622421265,0.0,0.0,0.25,0.0,0.0,0,0.0375,15,0
S003,4,0.1146388675497687,0.5440523028373718,0.179522658299189,0.0,0.25,0.0,0.0,1,0.0913567974897567,10,0
S003,5,0.4720134401869771,0.8190757036209106,0.4652915323370138,0.3005524580213562,0.5,0.288253784039277,0.067435574942795,1,0.34246404435465005,1,1
S003,6,0.0138999572257982,0.4866127371788025,0.0,0.0,0.2,0.0680496308783247,0.0,1,0.04360992617566494,13,0
S003,7,0.0066535034332481,0.4738083183765411,0.0,0.0,0.25,0.0,0.0,0,0.0375,16,0
S003,8,0.1142875738864856,0.5063494443893433,0.0535509531499673,0.1309780507669872,0.25,0.0,0.0934947749753671,1,0.0937851123446927,9,0
S003,9,0.0069927233110542,0.3028967380523681,0.0,0.0,0.2,0.0,0.0,1,0.03,29,0
S003,10,0.007500039908208,0.4208544790744781,0.0,0.0,0.25,0.0,0.0,1,0.0375,17,0
S003,11,0.1169733501842886,0.4980129301548004,0.179522658299189,0.0,0.25,0.0,0.0,1,0.0913567974897567,11,0
S003,12,0.0058183705449818,0.4118096232414245,0.0,0.0,0.25,0.0,0.0,0,0.0375,18,0
S003,13,0.007500039908208,0.3195480108261108,0.0,0.0,0.25,0.0,0.0,1,0.0375,19,0
S003,14,0.0263286835736248,0.3264515697956085,0.0,0.0,0.25,0.0,0.0,1,0.0375,20,0
S003,15,0.0161188770436144,0.3591165244579315,0.0,0.0,0.25,0.0,0.0,0,0.0375,21,0
S003,16,0.0077362960980121,0.2408986836671829,0.0,0.0,0.25,0.0,0.0,0,0.0375,22,0
S003,17,0.1041396922078275,0.5988746285438538,0.1458743908205645,0.2671179274256883,0.5,0.0,0.0,1,0.17218590273130702,2,1
S003,18,0.1294231933352084,0.5130342245101929,0.2128531380826485,0.0,0.25,0.0,0.0,1,0.10135594142479454,7,0
S003,19,0.0164521744421376,0.39363893866539,0.0,0.0,0.0,0.0817680414659993,0.0,0,0.01635360829319986,30,0
S003,20,0.1374375051796004,0.5371413230895996,0.2128531380826485,0.0,0.25,0.0,0.0,1,0.10135594142479454,8,0
S003,21,0.0185057873973428,0.4404744505882263,0.0,0.0,0.25,0.0,0.0,0,0.0375,23,0
S003,22,0.0089688993863633,0.1517164856195449,0.0,0.0,0.25,0.0,0.0,1,0.0375,24,0
S003,23,0.0091682049418271,0.4535346031188965,0.0,0.0,0.25,0.0,0.0,1,0.0375,25,0
S003,24,0.1737678970236786,0.5417219400405884,0.2019930924979183,0.0,0.5,0.0595143957603065,0.0,0,0.1475008069014368,3,1
S003,25,0.0185057873973428,0.3671582341194153,0.0,0.0,0.25,0.0,0.0,1,0.0375,26,0
S003,26,0.0253350218808454,0.3921924829483032,0.0,0.0,0.25,0.0,0.0,1,0.0375,27,0
S003,27,0.2058957990380729,0.7638864517211914,0.1263637396650437,0.0,0.5,0.0,0.0934947749753671,0,0.12693333814581817,4,0
S003,28,0.1294757016418475,0.5770934820175171,0.179522658299189,0.1309780507669872,0.25,0.0,0.0,1,0.11755240764315414,5,0
S003,29,0.0140816340656071,0.5269113183021545,0.0,0.0,0.25,0.0,0.0,0,0.0375,28,0
S003,30,0.0600226643536102,0.3866487145423889,0.0595143957603065,0.0,0.25,0.0,0.0,1,0.05535431872809195,12,0
S004,1,0.0314440258282822,0.5350234508514404,0.0,0.0,0.25,0.067435574942795,0.0,1,0.050987114988559,11,0
S004,2,0.019129701680604,0.3688113093376159,0.0,0.0,0.25,0.0,0.0,1,0.0375,15,0
S004,3,0.2806576145386464,0.7454487085342407,0.0612309433454452,0.07780894359285,0.25,0.4316134189707515,0.0735747461058951,0,0.16878996743223815,2,1
S004,4,0.0231963348024577,0.4973679482936859,0.0,0.0,0.25,0.0,0.0,1,0.0375,16,0
S004,5,0.0164041259955764,0.4975878000259399,0.0,0.0,0.25,0.0,0.0,1,0.0375,17,0
S004,6,0.2071041296636834,0.7181087732315063,0.2727396481453687,0.2095424038071012,0.2,0.0,0.0934947749753671,1,0.16775459145133592,3,1
S004,7,0.0889055450540746,0.6309190988540649,0.0,0.0,0.25,0.1123427789154277,0.067435574942795,0,0.0700838920245048,5,0
S004,8,0.0174633119290328,0.5194864273071289,0.0,0.0,0.25,0.0,0.0,1,0.0375,18,0
S004,9,0.0076995120441774,0.4363664984703064,0.0,0.0,0.2,0.0,0.0,1,0.03,30,0
S004,10,0.0796740091685737,0.5454705953598022,0.0481850575248992,0.0612309433454452,0.25,0.0,0.0,1,0.0642017059265588,6,0
S004,11,0.0274799589671817,0.4422525465488434,0.0481850575248992,0.0,0.25,0.0,0.0,1,0.05195551725746976,10,0
S004,12,0.0333887949581042,0.5529202222824097,0.0,0.05612175491366,0.25,0.0,0.0,0,0.048724350982732,14,0
S004,13,0.0082581056101235,0.3724694848060608,0.0,0.0,0.25,0.0,0.0,1,0.0375,19,0
S004,14,0.0291291681498004,0.436576247215271,0.0,0.0,0.25,0.0,0.0,1,0.0375,20,0
S004,15,0.0363218302463732,0.4326909482479095,0.0535509531499673,0.0,0.25,0.1123427789154277,0.0,0,0.07603384172807573,4,0
S004,16,0.0261167380921197,0.2951691150665283,0.0441644345352743,0.0,0.25,0.0,0.0,0,0.05074933036058229,12,0
S004,17,0.0256619843551926,0.465251088142395,0.0,0.0,0.25,0.0,0.0,1,0.0375,21,0
S004,18,0.0226129148568834,0.3927325904369354,0.0,0.0,0.25,0.0,0.0,1,0.0375,22,0
S004,19,0.265645320112476,0.596197783946991,0.0612309433454452,0.0,0.0,0.1123427789154277,0.0817680414659993,0,0.053103045006619,9,0
S004,20,0.0238273747608732,0.4320913553237915,0.0,0.0612309433454452,0.25,0.0,0.0,1,0.04974618866908904,13,0
S004,21,0.0311160719343642,0.5036967992782593,0.0,0.0,0.25,0.0,0.0,0,0.0375,23,0
S004,22,0.0304092977049993,0.18626569211483,0.0,0.0,0.25,0.0,0.0,1,0.0375,24,0
S004,23,0.0417574778837062,0.4666866660118103,0.0,0.0,0.25,0.0,0.0,1,0.0375,25,0
S004,24,0.0164041259955764,0.3886541426181793,0.0,0.0,0.25,0.0,0.0,0,0.0375,26,0
S004,25,0.0529273062449773,0.3896923661231994,0.0612309433454452,0.0,0.25,0.0,0.0,1,0.05586928300363356,7,0
S004,26,0.0184077342605028,0.4308409690856933,0.0,0.0,0.25,0.0,0.0,1,0.0375,27,0
S004,27,0.0089590801741579,0.4627913236618042,0.0,0.0,0.25,0.0,0.0,0,0.0375,28,0
S004,28,0.0164041259955764,0.5301581621170044,0.0,0.0,0.25,0.0,0.0,1,0.0375,29,0
S004,29,0.2036118990817122,0.7318288087844849,0.0535509531499673,0.0612309433454452,0.5,0.3446421410380548,0.0817680414659993,0,0.18450510904159007,1,1
S004,30,0.0212112244049498,0.3990984857082367,0.0535509531499673,0.0,0.25,0.0,0.0,1,0.05356528594499019,8,0
S005,1,0.0701229263503172,0.5166488885879517,0.0535509531499673,0.05612175491366,0.25,0.0,0.0554361895741183,1,0.07310506536383993,11,0
S005,2,0.0078423084336311,0.3461482226848602,0.0,0.0,0.25,0.0,0.0,1,0.0375,23,0
S005,3,0.0845315547375849,0.6034876108169556,0.1458743908205645,0.0,0.5,0.0,0.0735747461058951,0,0.12979852916205362,3,1
S005,4,0.0885353893127486,0.4459775984287262,0.0535509531499673,0.0612309433454452,0.25,0.0,0.067435574942795,1,0.07592681085549847,8,0
S005,5,0.0355343380371239,0.3668045401573181,0.0,0.0,0.25,0.0,0.067435574942795,1,0.04761533624141925,21,0
S005,6,0.0126580789853308,0.3676096200942993,0.0490825929484706,0.0,0.2,0.0,0.0,1,0.04472477788454118,22,0
S005,7,0.012197699852077,0.3990305662155151,0.0,0.0,0.5,0.0,0.0,0,0.075,9,0
S005,8,0.0689479372722676,0.4843373298645019,0.0535509531499673,0.0,0.25,0.0,0.0934947749753671,1,0.06758950219129525,13,0
S005,9,0.0063718862533728,0.304536759853363,0.0,0.0,0.2,0.0,0.0,1,0.03,30,0
S005,10,0.0283834667675214,0.5225967168807983,0.0535509531499673,0.0,0.25,0.0,0.0,1,0.05356528594499019,17,0
S005,11,0.0799957603684652,0.3747533559799194,0.1130407841661348,0.0,0.25,0.0,0.0817680414659993,1,0.08367744146974034,7,0
S005,12,0.0053017964022674,0.3147711455821991,0.0,0.0,0.25,0.0,0.0,0,0.0375,24,0
S005,13,0.0068341616084411,0.3484566211700439,0.0,0.0,0.25,0.0,0.0,1,0.0375,25,0
S005,14,0.0414384336142766,0.5122147798538208,0.0,0.0,0.25,0.0,0.0,1,0.0375,26,0
S005,15,0.2071639649282634,0.7200044393539429,0.288253784039277,0.1304943615298482,0.75,0.206136966068286,0.0,0,0.2663024007314099,2,1
S005,16,0.0141974480340802,0.2036237716674804,0.0490825929484706,0.0,0.25,0.0,0.0,0,0.052224777884541176,18,0
S005,17,0.0069392986300949,0.2258727550506591,0.0,0.0,0.25,0.0,0.0,1,0.0375,27,0
S005,18,0.1229536826644906,0.4069351553916931,0.0961905654626642,0.0680496308783247,0.25,0.0,0.0934947749753671,1,0.09399131206076927,5,0
S005,19,0.0230635283973022,0.3705849051475525,0.0680496308783247,0.0,0.25,0.0,0.0,0,0.05791488926349741,15,0
S005,20,0.1220855657520399,0.3760503530502319,0.0961905654626642,0.0612309433454452,0.25,0.0,0.0817680414659993,1,0.09086856452778819,6,0
S005,21,0.0432507665789395,0.5695303678512573,0.0680496308783247,0.0,0.5,0.0,0.0,0,0.09541488926349741,4,0
S005,22,0.0081726108936,0.2518520355224609,0.0,0.0,0.25,0.0,0.0,1,0.0375,28,0
S005,23,0.0168524057129143,0.4999859035015106,0.0,0.0,0.5,0.0,0.0,1,0.075,10,0
S005,24,0.0951950072783417,0.4026816785335541,0.0595143957603065,0.0,0.25,0.0,0.0934947749753671,0,0.06937853497439701,12,0
S005,25,0.0168524057129143,0.3202389180660248,0.0680496308783247,0.0,0.25,0.0,0.0,1,0.05791488926349741,16,0
S005,26,0.0398745200985802,0.4303034543991089,0.0,0.0,0.25,0.0,0.0934947749753671,1,0.051524216246305064,19,0
S005,27,0.0391561630880059,0.3503346145153045,0.0,0.0,0.25,0.0,0.0934947749753671,0,0.051524216246305064,20,0
S005,28,0.0646699197999496,0.4252062737941742,0.0535509531499673,0.0,0.25,0.0,0.0817680414659993,1,0.06583049216489008,14,0
S005,29,0.0063718862533728,0.399725079536438,0.0,0.0,0.25,0.0,0.0,0,0.0375,29,0
S005,30,0.6376487629204248,0.8696662187576294,0.6392306240536285,0.615218690896332,0.5,0.1458743908205645,0.2952675553824053,1,0.46327793686682867,1,1
S006,1,0.0059797033870352,0.5085409283638,0.0,0.0,0.25,0.0,0.0,1,0.0375,11,0
S006,2,0.0285625981474936,0.472865492105484,0.0,0.07780894359285,0.25,0.0,0.0,1,0.05306178871857,8,0
S006,3,0.0083713799392021,0.4362552464008331,0.0,0.0,0.25,0.0,0.0,0,0.0375,12,0
S006,4,0.4953351370219238,0.930209457874298,0.4273247353991627,0.5332087607532633,1.0,0.2523342014336961,0.0,1,0.4353060130571407,1,1
S006,5,0.0079963846345871,0.4657306671142578,0.0,0.0,0.25,0.0,0.0,1,0.0375,13,0
S006,6,0.007469760107565,0.3596989512443542,0.0,0.0,0.2,0.0,0.0,1,0.03,28,0
S006,7,0.0071996992437786,0.4405631721019745,0.0,0.0,0.25,0.0,0.0,0,0.0375,14,0
S006,8,0.0171596449475133,0.4490501582622528,0.0,0.0,0.25,0.0,0.0,1,0.0375,15,0
S006,9,0.0075667661765935,0.4319701194763183,0.0,0.0,0.2,0.0,0.0,1,0.03,29,0
S006,10,0.0081157291338578,0.5079522728919983,0.0,0.0,0.25,0.0,0.0,1,0.0375,16,0
S006,11,0.1470710224617248,0.7569730281829834,0.0940756644103793,0.0,1.0,0.0,0.0,1,0.1782226993231138,4,0
S006,12,0.3319822468955666,0.699729323387146,0.4431730651099821,0.1195462239454718,0.5,0.0,0.0934947749753671,0,0.24588538056839404,2,1
S006,13,0.0081157291338578,0.501932680606842,0.0,0.0,0.25,0.0,0.0,1,0.0375,17,0
S006,14,0.0187970580909846,0.4355509579181671,0.0,0.0,0.25,0.0934947749753671,0.0,1,0.05619895499507342,7,0
S006,15,0.0086528195234574,0.2790362238883972,0.0,0.0,0.25,0.0,0.0,0,0.0375,18,0
S006,16,0.1536360487529738,0.511066734790802,0.3026126793337808,0.0,0.5,0.0,0.0,0,0.16578380380013424,5,0
S006,17,0.0082405818427298,0.342862606048584,0.0,0.0,0.25,0.0,0.0,1,0.0375,19,0
S006,18,0.0072864392116389,0.3404811322689056,0.0,0.0,0.25,0.0,0.0,1,0.0375,20,0
S006,19,0.0,0.2600106596946716,0.0,0.0,0.0,0.0,0.0,0,0.0,30,0
S006,20,0.3082579042382711,0.856182336807251,0.125021340887689,0.1304943615298482,1.0,0.0934947749753671,0.0,1,0.23230422956734975,3,1
S006,21,0.0516216366586321,0.4105196893215179,0.0,0.07780894359285,0.25,0.0,0.0,0,0.05306178871857,9,0
S006,22,0.009705169431017,0.2919760346412658,0.0,0.0,0.25,0.0,0.0,1,0.0375,21,0
S006,23,0.0099208362705024,0.4403381943702698,0.0,0.0,0.25,0.0,0.0,1,0.0375,22,0
S006,24,0.0522187426994936,0.5925949811935425,0.0,0.0680496308783247,0.25,0.0,0.0,0,0.05110992617566494,10,0
S006,25,0.0099208362705024,0.374099850654602,0.0,0.0,0.25,0.0,0.0,1,0.0375,23,0
S006,26,0.0089646972310429,0.4277422428131103,0.0,0.0,0.25,0.0,0.0,1,0.0375,24,0
S006,27,0.0088046183246733,0.5229595303535461,0.0,0.0,0.25,0.0,0.0,0,0.0375,25,0
S006,28,0.0767735050474255,0.6287093162536621,0.0,0.0680496308783247,0.75,0.0,0.0,1,0.12610992617566494,6,0
S006,29,0.0152470786184198,0.5225711464881897,0.0,0.0,0.25,0.0,0.0,0,0.0375,26,0
S006,30,0.0068081403928167,0.3681768178939819,0.0,0.0,0.25,0.0,0.0,1,0.0375,27,0
S007,1,0.0231905228103138,0.3700191974639892,0.0,0.0,0.25,0.0490825929484706,0.0,1,0.04731651858969412,17,0
S007,2,0.0088692408742034,0.2424926310777664,0.0,0.0,0.25,0.0,0.0,1,0.0375,18,0
S007,3,0.0677501687780065,0.4736015498638153,0.07780894359285,0.0,0.25,0.0,0.0735747461058951,0,0.07187889499373926,7,0
S007,4,0.0071138857507746,0.3940889239311218,0.0,0.0,0.25,0.0,0.0,1,0.0375,19,0
S007,5,0.2149883783328292,0.669482409954071,0.1683975003721527,0.2357703398303297,0.25,0.0595143957603065,0.067435574942795,1,0.15719153347119233,2,1
S007,6,0.0766732067582657,0.4260450005531311,0.1904842771117606,0.0,0.2,0.0680496308783247,0.0,1,0.10075520930919313,3,1
S007,7,0.0281320183057767,0.4204476773738861,0.0,0.0,0.25,0.0,0.0,0,0.0375,20,0
S007,8,0.0081032434870922,0.2824651896953583,0.0,0.0,0.25,0.0,0.0,1,0.0375,21,0
S007,9,0.0072062702560683,0.3490517437458038,0.0,0.0,0.2,0.0,0.0,1,0.03,30,0
S007,10,0.0568846422237598,0.3532630503177643,0.0612309433454452,0.0,0.25,0.0,0.0934947749753671,1,0.06989349924993862,9,0
S007,11,0.0345042878485468,0.4178620278835296,0.0612309433454452,0.0,0.25,0.0817680414659993,0.0,1,0.07222289129683342,6,0
S007,12,0.018310983630494,0.3492123186588287,0.0,0.0,0.25,0.0,0.0,0,0.0375,22,0
S007,13,0.0077290795167607,0.2639616131782532,0.0,0.0,0.25,0.0,0.0,1,0.0375,23,0
S007,14,0.0088692408742034,0.3289026021957397,0.0,0.0,0.25,0.0,0.0,1,0.0375,24,0
S007,15,0.0338991013803323,0.2966960966587066,0.0680496308783247,0.0,0.25,0.0,0.0,0,0.05791488926349741,10,0
S007,16,0.0677221018311659,0.3435457348823547,0.05612175491366,0.0,0.25,0.0680496308783247,0.0817680414659993,0,0.08021165886966282,4,0
S007,17,0.0406426198309767,0.4831533432006836,0.07780894359285,0.0,0.25,0.0817680414659993,0.0,1,0.07719629137105485,5,0
S007,18,0.0139738961707352,0.4523349404335022,0.0,0.0,0.25,0.0,0.0,1,0.0375,25,0
S007,19,0.0720123456725263,0.354675829410553,0.07780894359285,0.0612309433454452,0.0,0.0,0.0817680414659993,0,0.04785407796684393,16,0
S007,20,0.0147097402482321,0.3553060889244079,0.0,0.0,0.25,0.0680496308783247,0.0,1,0.05110992617566494,13,0
S007,21,0.0190752195799321,0.3450909256935119,0.0,0.0,0.25,0.0,0.0,0,0.0375,26,0
S007,22,0.0186560478576989,0.1486426591873169,0.0,0.0,0.25,0.0,0.0,1,0.0375,27,0
S007,23,0.0289497426927344,0.3000736832618713,0.0,0.0,0.25,0.0,0.0934947749753671,1,0.051524216246305064,12,0
S007,24,0.015344868623119,0.343353271484375,0.0,0.0,0.25,0.0595143957603065,0.0,0,0.0494028791520613,15,0
S007,25,0.41123000859844,0.8907740116119385,0.5586177528223195,0.275195812175023,0.5,0.4392749903163553,0.0934947749753671,1,0.3995037025912766,1,1
S007,26,0.0085376010706605,0.2883124053478241,0.0,0.0,0.25,0.0,0.0,1,0.0375,28,0
S007,27,0.0345637986212794,0.444927453994751,0.0680496308783247,0.0612309433454452,0.25,0.0,0.0,0,0.07016107793258644,8,0
S007,28,0.0076154208288552,0.3886079788208008,0.0,0.0,0.25,0.0,0.0,1,0.0375,29,0
S007,29,0.0461792781165497,0.5123878717422485,0.0,0.0612309433454452,0.25,0.0,0.0,0,0.04974618866908904,14,0
S007,30,0.0198079665797305,0.2895663380622864,0.0680496308783247,0.0,0.25,0.0,0.0,1,0.05791488926349741,11,0
S008,1,0.0056085363688019,0.3639620840549469,0.0,0.0,0.25,0.0,0.0,1,0.0375,16,0
S008,2,0.0176212851303988,0.310335636138916,0.0,0.0,0.25,0.0,0.0,1,0.0375,17,0
S008,3,0.0240258274893739,0.4814844131469726,0.0612309433454452,0.0,0.25,0.0,0.0,0,0.05586928300363356,8,0
S008,4,0.0512860169634248,0.4468184113502502,0.0481850575248992,0.0,0.25,0.0,0.0,1,0.05195551725746976,13,0
S008,5,0.007500039908208,0.3588236570358276,0.0,0.0,0.25,0.0,0.0,1,0.0375,18,0
S008,6,0.3536537536133852,0.7663808465003967,0.5193070061174111,0.4071146526809137,0.6,0.1683975003721527,0.07780894359285,1,0.3725658739847641,1,1
S008,7,0.0135958036963161,0.4259080588817596,0.0,0.0,0.25,0.0,0.0,0,0.0375,19,0
S008,8,0.0243204463702675,0.3722632527351379,0.0,0.0,0.25,0.07780894359285,0.0,1,0.05306178871857,11,0
S008,9,0.028991909646926,0.4000242948532104,0.0,0.0,0.4,0.0680496308783247,0.0,1,0.07360992617566495,6,0
S008,10,0.0316367878429492,0.3673345446586609,0.0481850575248992,0.0,0.25,0.0,0.0,1,0.05195551725746976,14,0
S008,11,0.0339611997279321,0.4045574069023132,0.1011225128250105,0.0,0.25,0.0,0.0,1,0.06783675384750315,7,0
S008,12,0.2728849412134304,0.7878652215003967,0.2412116874903882,0.1191368923619033,0.5,0.275195812175023,0.275195812175023,0,0.26750941898075514,2,1
S008,13,0.0153378242773535,0.3361642956733703,0.0,0.0,0.25,0.0,0.0,1,0.0375,20,0
S008,14,0.0087348633787892,0.2544645667076111,0.0,0.0,0.25,0.0,0.0,1,0.0375,21,0
S008,15,0.0163612342571635,0.2371899783611297,0.0535509531499673,0.0,0.25,0.0,0.0,0,0.05356528594499019,9,0
S008,16,0.164650040438885,0.6387447118759155,0.2727396481453687,0.07780894359285,0.25,0.07780894359285,0.0,0,0.1504454718807506,4,0
S008,17,0.2487458304457831,0.684624195098877,0.0612309433454452,0.0612309433454452,0.75,0.0934947749753671,0.275195812175023,1,0.20309379849404946,3,1
S008,18,0.0068341616084411,0.3986193537712097,0.0,0.0,0.25,0.0,0.0,1,0.0375,22,0
S008,19,0.0256884527417117,0.3748781681060791,0.0612309433454452,0.0,0.0,0.0,0.0,0,0.01836928300363356,30,0
S008,20,0.0372677864851457,0.340221107006073,0.0410070600234428,0.0,0.25,0.0,0.0,1,0.04980211800703284,15,0
S008,21,0.0093050386333007,0.3212890625,0.0,0.0,0.25,0.0,0.0,0,0.0375,23,0
S008,22,0.0091027584808402,0.1210684776306152,0.0,0.0,0.25,0.0,0.0,1,0.0375,24,0
S008,23,0.018784033273654,0.3800562024116516,0.0,0.0,0.25,0.0,0.0,1,0.0375,25,0
S008,24,0.0229246043857701,0.3208293914794922,0.0,0.0,0.25,0.0,0.0,0,0.0375,26,0
S008,25,0.0484097983589997,0.4234064221382141,0.2095424038071012,0.0,0.25,0.0,0.0,1,0.10036272114213035,5,0
S008,26,0.0169562463348717,0.3102362751960754,0.0,0.0,0.25,0.0,0.0,1,0.0375,27,0
S008,27,0.0166507721022649,0.359066367149353,0.0,0.0,0.25,0.07780894359285,0.0,0,0.05306178871857,12,0
S008,28,0.007500039908208,0.4253492653369903,0.0,0.0,0.25,0.0,0.0,1,0.0375,28,0
S008,29,0.0142933600800884,0.542655348777771,0.0,0.0,0.25,0.0,0.0,0,0.0375,29,0
S008,30,0.0128523941392566,0.2691029012203216,0.0535509531499673,0.0,0.25,0.0,0.0,1,0.05356528594499019,10,0
S009,1,0.0614284602780492,0.5703049898147583,0.0441644345352743,0.0,0.5,0.0,0.0,1,0.08824933036058229,8,0
S009,2,0.1745230077244959,0.7182685136795044,0.3901861472717445,0.0934947749753671,0.75,0.0,0.0,1,0.24825479917659676,1,1
S009,3,0.0080990943930463,0.4855105280876159,0.0,0.0,0.25,0.0,0.0,0,0.0375,17,0
S009,4,0.0298800465552349,0.4862471222877502,0.0441644345352743,0.0,0.25,0.0,0.0,1,0.05074933036058229,13,0
S009,5,0.0235648832337085,0.3401268124580383,0.0,0.0,0.25,0.0,0.0,1,0.0375,18,0
S009,6,0.0220456151865587,0.4310665726661682,0.0,0.0,0.2,0.0,0.0,1,0.03,28,0
S009,7,0.0069655235099107,0.4060248136520386,0.0,0.0,0.25,0.0,0.0,0,0.0375,19,0
S009,8,0.1015694562540969,0.5650050640106201,0.2030055941109282,0.0,0.5,0.0,0.0,1,0.13590167823327845,5,0
S009,9,0.0073206513095118,0.3261850476264953,0.0,0.0,0.2,0.0,0.0,1,0.03,29,0
S009,10,0.0158247635866475,0.4797061681747436,0.0,0.0,0.25,0.0,0.0,1,0.0375,20,0
S009,11,0.0261167380921197,0.4032958149909973,0.0441644345352743,0.0,0.25,0.0,0.0,1,0.05074933036058229,14,0
S009,12,0.02533676838144,0.4104853570461273,0.0,0.0,0.25,0.0,0.0,0,0.0375,21,0
S009,13,0.1059556648984949,0.615212082862854,0.2670453137166025,0.0,0.5,0.0,0.0,1,0.15511359411498074,4,0
S009,14,0.0372499875632801,0.5218630433082581,0.0441644345352743,0.0,0.25,0.0,0.0,1,0.05074933036058229,15,0
S009,15,0.0083713799392021,0.361077606678009,0.0,0.0,0.25,0.0,0.0,0,0.0375,22,0
S009,16,0.0337468030333075,0.2326980531215667,0.0,0.0,0.25,0.0,0.0817680414659993,0,0.049765206219899896,16,0
S009,17,0.0079725506048712,0.2692056596279144,0.0,0.0,0.25,0.0,0.0,1,0.0375,23,0
S009,18,0.0691869084800651,0.4291325211524963,0.1237849828989773,0.0,0.5,0.0,0.0,1,0.11213549486969318,6,0
S009,19,0.0,0.366310179233551,0.0,0.0,0.0,0.0,0.0,0,0.0,30,0
S009,20,0.0393852070119256,0.4126158058643341,0.0793300899685191,0.0,0.25,0.0,0.0,1,0.06129902699055573,10,0
S009,21,0.0295724714194757,0.5001319050788879,0.05612175491366,0.0,0.25,0.0,0.0,0,0.05433652647409799,11,0
S009,22,0.0921950285443723,0.4377513527870178,0.0923213982930813,0.0,0.75,0.1123427789154277,0.0,1,0.16266497527100993,3,1
S009,23,0.0095981534700735,0.4241913557052612,0.0,0.0,0.25,0.0,0.0,1,0.0375,24,0
S009,24,0.040476650891145,0.4033485054969787,0.0490825929484706,0.0,0.25,0.0,0.0,0,0.052224777884541176,12,0
S009,25,0.0095981534700735,0.2857520580291748,0.0,0.0,0.25,0.0,0.0,1,0.0375,25,0
S009,26,0.4241588475366662,0.915304958820343,0.1032023727142075,0.3446421410380548,0.5,0.2523342014336961,0.0934947749753671,1,0.23938019655491752,2,1
S009,27,0.0171793943709825,0.367952823638916,0.0,0.0,0.25,0.0,0.0,0,0.0375,26,0
S009,28,0.04840585675075,0.5825172662734985,0.0923213982930813,0.0,0.25,0.0,0.0,1,0.06519641948792439,9,0
S009,29,0.0073206513095118,0.3892297744750976,0.0,0.0,0.25,0.0,0.0,0,0.0375,27,0
S009,30,0.0640318828093148,0.5139942169189453,0.0490825929484706,0.0,0.5,0.0,0.0,1,0.08972477788454118,7,0
S010,1,0.0471121681914459,0.4440871179103851,0.1595519155841406,0.0,0.25,0.0,0.0,1,0.08536557467524218,7,0
S010,2,0.0100233937484717,0.4592247009277344,0.0,0.0,0.25,0.0,0.0,1,0.0375,13,0
S010,3,0.0090100173200468,0.4509531855583191,0.0,0.0,0.25,0.0,0.0,0,0.0375,14,0
S010,4,0.2327174459940933,0.7053412199020386,0.4697567680115259,0.0,0.75,0.0,0.0,1,0.2534270304034577,2,1
S010,5,0.064302144163892,0.5552953481674194,0.0,0.0817680414659993,0.25,0.0,0.0,1,0.05385360829319986,9,0
S010,6,0.0080396145479654,0.4021944403648376,0.0,0.0,0.2,0.0,0.0,1,0.03,28,0
S010,7,0.0077489512310626,0.439689040184021,0.0,0.0,0.25,0.0,0.0,0,0.0375,15,0
S010,8,0.0792054753039651,0.4417897462844848,0.0481850575248992,0.0817680414659993,0.25,0.0,0.0,1,0.06830912555066962,8,0
S010,9,0.0081440210339264,0.299189418554306,0.0,0.0,0.2,0.0,0.0,1,0.03,29,0
S010,10,0.0087348633787892,0.4380189776420593,0.0,0.0,0.25,0.0,0.0,1,0.0375,16,0
S010,11,0.1164467459921988,0.6148034334182739,0.1595519155841406,0.0,0.75,0.0,0.0,1,0.16036557467524218,4,0
S010,12,0.0353349065438923,0.5340940356254578,0.0384425327135016,0.0,0.25,0.0,0.0,0,0.049032759814050475,12,0
S010,13,0.0087348633787892,0.4312469363212585,0.0,0.0,0.25,0.0,0.0,1,0.0375,17,0
S010,14,0.0202447025100741,0.3881167769432068,0.0,0.0,0.25,0.0,0.0,1,0.0375,18,0
S010,15,0.0093129274193497,0.2807665467262268,0.0,0.0,0.25,0.0,0.0,0,0.0375,19,0
S010,16,0.0090100173200468,0.327965646982193,0.0,0.0,0.25,0.0,0.0,0,0.0375,20,0
S010,17,0.0178944467487926,0.4250032007694244,0.0,0.0735747461058951,0.25,0.0,0.0,1,0.052214949221179016,11,0
S010,18,0.0774138826331423,0.3856871724128723,0.1891745935634665,0.0,0.25,0.0,0.0,1,0.09425237806903994,5,0
S010,19,0.0,0.3287863731384277,0.0,0.0,0.0,0.0,0.0,0,0.0,30,0
S010,20,0.1794207932236916,0.6627992987632751,0.2479900066867277,0.0,0.75,0.0,0.0,1,0.18689700200601828,3,1
S010,21,0.0329297147499155,0.5077398419380188,0.0,0.0,0.25,0.0,0.0,0,0.0375,21,0
S010,22,0.0104455591912588,0.2750446796417236,0.0,0.0,0.25,0.0,0.0,1,0.0375,22,0
S010,23,0.0106776788624761,0.4318116307258606,0.0,0.0,0.25,0.0,0.0,1,0.0375,23,0
S010,24,0.0973376064261623,0.5423859357833862,0.179522658299189,0.0,0.25,0.0,0.0,0,0.0913567974897567,6,0
S010,25,0.0106776788624761,0.3684587478637695,0.0,0.0,0.25,0.0,0.0,1,0.0375,24,0
S010,26,0.019480654231332,0.4171226024627685,0.0,0.0,0.25,0.0,0.0,1,0.0375,25,0
S010,27,0.0492035748681338,0.5378382205963135,0.0,0.0,0.25,0.0,0.0,0,0.0375,26,0
S010,28,0.5791895486621214,0.8709224462509155,0.3779132184330249,0.6225407468137513,0.75,0.4316134189707515,0.6225407468137513,1,0.5300859107088707,1,1
S010,29,0.0164213234477189,0.5319133996963501,0.0,0.0,0.25,0.0,0.0,0,0.0375,27,0
S010,30,0.0384606197110363,0.3801774382591247,0.0535509531499673,0.0,0.25,0.0,0.0,1,0.05356528594499019,10,0
