student_id,researcher_id,tfidf_similarity,semantic_similarity,research_area_similarity,expertise_similarity,skill_overlap,project_similarity,publication_similarity,department_match
S001,1,0.13217056994677429,0.566020131111145,0.41764463587730516,0.14504048225875948,0.5,0.037585378349990706,0.03630588109329661,1
S001,2,0.2007594851034963,0.7329697608947754,0.3052062174731,0.06123094334544521,0.75,0.0,0.10112251282501054,1
S001,3,0.012606877674471873,0.5391687154769897,0.0,0.0,0.25,0.0,0.048185057524899266,0
S001,4,0.11100570166581258,0.4339761435985565,0.14504048225875948,0.048185057524899266,0.25,0.0,0.0,1
S001,5,0.0638730435601745,0.37793850898742676,0.0,0.0,0.25,0.045573612711752684,0.0,1
S001,6,0.02282425294109268,0.5175291895866394,0.0,0.0,0.2,0.052109535570466194,0.0,1
S001,7,0.005386967360403383,0.378795862197876,0.0,0.0,0.25,0.0,0.0,0
S001,8,0.09849831717547453,0.5184484720230103,0.09232139829308134,0.0,0.5,0.0,0.0,1
S001,9,0.005661614608740297,0.3241400122642517,0.0,0.0,0.2,0.0,0.0,1
S001,10,0.03111837199204021,0.5836004018783569,0.14504048225875948,0.0,0.25,0.0,0.0,1
S001,11,0.11704268158819593,0.4155457615852356,0.14504048225875948,0.0,0.25,0.0,0.0,1
S001,12,0.0142998691224713,0.42204880714416504,0.0,0.0,0.25,0.0,0.0,0
S001,13,0.22363358884186404,0.6832307577133179,0.26704531371660245,0.0,0.5,0.05210953557046618,0.1130407841661348,1
S001,14,0.04391973344791136,0.5274240970611572,0.0,0.0,0.25,0.0,0.0,1
S001,15,0.013034259738166295,0.38450154662132263,0.0,0.0,0.25,0.0,0.06123094334544521,0
S001,16,0.019046425314114473,0.2824329733848572,0.0,0.0,0.25,0.0,0.05355095314996731,0
S001,17,0.006165777751880106,0.2794734239578247,0.0,0.0,0.25,0.0,0.0,1
S001,18,0.15812814898404717,0.4381745755672455,0.17196894303083707,0.05355095314996731,0.5,0.06261451546913585,0.0,1
S001,19,0.0,0.4067773222923279,0.0,0.0,0.0,0.0,0.0,0
S001,20,0.1609522853472115,0.3407416343688965,0.17196894303083707,0.10112251282501054,0.25,0.0,0.0,1
S001,21,0.03069673109093312,0.567621111869812,0.0,0.0,0.25,0.0,0.06123094334544521,0
S001,22,0.17472115198752214,0.5193793177604675,0.04416443453527434,0.0,0.75,0.06261451546913585,0.0,1
S001,23,0.03041503188760267,0.4924497604370117,0.19048427711176064,0.0,0.25,0.0,0.0,1
S001,24,0.17755044370080086,0.39875394105911255,0.1631948625672096,0.0,0.5,0.045573612711752684,0.0,0
S001,25,0.0149643947865343,0.2966952323913574,0.0,0.0,0.25,0.0,0.06123094334544521,1
S001,26,0.10375360168187271,0.7090789079666138,0.23009575785838723,0.0,0.5,0.0,0.0,1
S001,27,0.055690386010000474,0.3683955669403076,0.0,0.0,0.25,0.0,0.0,0
S001,28,0.09816315059164184,0.5604385733604431,0.14504048225875948,0.0,0.25,0.0,0.0,1
S001,29,0.011386877352082379,0.40124431252479553,0.0,0.0,0.25,0.0,0.05355095314996731,0
S001,30,0.10090088458558744,0.5617364048957825,0.04908259294847067,0.1130407841661348,0.5,0.045573612711752684,0.0,1
S002,1,0.4049633566958208,0.8160744309425354,0.2243746584076321,0.1631948625672096,1.0,0.0,0.37747565471601363,1
S002,2,0.025170819595111485,0.39414072036743164,0.05355095314996731,0.0,0.5,0.0,0.0,1
S002,3,0.0074182561768453585,0.5617043375968933,0.0,0.0,0.25,0.0,0.0,0
S002,4,0.04834999187966536,0.46853071451187134,0.048185057524899266,0.0,0.25,0.0,0.05612175491366004,1
S002,5,0.06803199167126922,0.41978639364242554,0.0,0.05951439576030657,0.25,0.06804963087832473,0.05612175491366004,1
S002,6,0.006619290303383222,0.4292495548725128,0.0,0.0,0.2,0.0,0.0,1
S002,7,0.006379977228901157,0.3870370388031006,0.0,0.0,0.25,0.0,0.0,0
S002,8,0.7048524961218147,0.9475448131561279,1.0000000000000002,0.28825378403927704,1.0,0.275195812175023,0.275195812175023,1
S002,9,0.006705251742953282,0.26898401975631714,0.0,0.0,0.2,0.0,0.0,1
S002,10,0.007191712503086158,0.3829039931297302,0.0,0.0,0.25,0.0,0.0,1
S002,11,0.040248043196034186,0.39707350730895996,0.048185057524899266,0.0,0.25,0.0,0.06804963087832473,1
S002,12,0.01122060732522901,0.37377339601516724,0.0,0.0,0.25,0.0,0.0,0
S002,13,0.0144851936886896,0.3867347836494446,0.048185057524899266,0.0,0.25,0.0,0.0,1
S002,14,0.05231098906515665,0.40108388662338257,0.048185057524899266,0.0,0.25,0.0,0.0,1
S002,15,0.1226260655507632,0.628005862236023,0.179522658299189,0.0,0.5,0.0,0.07780894359285004,0
S002,16,0.01494506401202967,0.19147759675979614,0.0,0.0,0.25,0.0,0.0,0
S002,17,0.022288778776633243,0.3068156838417053,0.0,0.05355095314996731,0.25,0.0,0.0,1
S002,18,0.0842804089495005,0.3721415102481842,0.08655210892682116,0.0,0.75,0.0,0.07780894359285004,1
S002,19,0.0,0.45342883467674255,0.0,0.0,0.0,0.0,0.0,0
S002,20,0.06555151367334625,0.3620007038116455,0.08655210892682116,0.0,0.25,0.0,0.06804963087832473,1
S002,21,0.008791299102133485,0.4569622576236725,0.0,0.0,0.25,0.0,0.0,0
S002,22,0.017350000794300324,0.1575567126274109,0.0,0.0,0.5,0.0,0.0,1
S002,23,0.008791299102133485,0.40322375297546387,0.0,0.0,0.25,0.0,0.0,1
S002,24,0.05198687061321531,0.4053407907485962,0.05355095314996731,0.0,0.25,0.0,0.07780894359285004,0
S002,25,0.008791299102133485,0.27539122104644775,0.0,0.0,0.25,0.0,0.0,1
S002,26,0.07682301222108805,0.5843696594238281,0.05355095314996731,0.0,0.5,0.0,0.275195812175023,1
S002,27,0.04044292150618605,0.4365200400352478,0.0,0.0,0.25,0.0,0.07780894359285004,0
S002,28,0.11059932001234477,0.5533908605575562,0.048185057524899266,0.05951439576030657,0.5,0.0,0.23577033983032974,1
S002,29,0.006705251742953281,0.4314560890197754,0.0,0.0,0.25,0.0,0.0,0
S002,30,0.09231043797246166,0.5797252655029297,0.05355095314996731,0.0,0.5,0.0,0.14587439082056455,1
S003,1,0.10920838765756022,0.5507883429527283,0.179522658299189,0.0,0.25,0.04908259294847067,0.055436189574118395,1
S003,2,0.008606414304288894,0.3530089259147644,0.0,0.0,0.25,0.0,0.0,1
S003,3,0.015590353055776078,0.5272544622421265,0.0,0.0,0.25,0.0,0.0,0
S003,4,0.11463886754976871,0.5440523028373718,0.179522658299189,0.0,0.25,0.0,0.0,1
S003,5,0.47201344018697716,0.8190757036209106,0.4652915323370138,0.3005524580213562,0.5,0.28825378403927704,0.06743557494279505,1
S003,6,0.01389995722579821,0.4866127371788025,0.0,0.0,0.2,0.06804963087832473,0.0,1
S003,7,0.006653503433248125,0.47380831837654114,0.0,0.0,0.25,0.0,0.0,0
S003,8,0.11428757388648564,0.5063494443893433,0.05355095314996731,0.1309780507669872,0.25,0.0,0.09349477497536716,1
S003,9,0.006992723311054283,0.30289673805236816,0.0,0.0,0.2,0.0,0.0,1
S003,10,0.00750003990820804,0.42085447907447815,0.0,0.0,0.25,0.0,0.0,1
S003,11,0.11697335018428866,0.4980129301548004,0.179522658299189,0.0,0.25,0.0,0.0,1
S003,12,0.005818370544981858,0.41180962324142456,0.0,0.0,0.25,0.0,0.0,0
S003,13,0.00750003990820804,0.31954801082611084,0.0,0.0,0.25,0.0,0.0,1
S003,14,0.02632868357362482,0.3264515697956085,0.0,0.0,0.25,0.0,0.0,1
S003,15,0.01611887704361443,0.3591165244579315,0.0,0.0,0.25,0.0,0.0,0
S003,16,0.007736296098012198,0.24089868366718292,0.0,0.0,0.25,0.0,0.0,0
S003,17,0.1041396922078275,0.5988746285438538,0.14587439082056455,0.2671179274256883,0.5,0.0,0.0,1
S003,18,0.1294231933352084,0.5130342245101929,0.21285313808264852,0.0,0.25,0.0,0.0,1
S003,19,0.0164521744421376,0.39363893866539,0.0,0.0,0.0,0.08176804146599938,0.0,0
S003,20,0.1374375051796004,0.5371413230895996,0.21285313808264852,0.0,0.25,0.0,0.0,1
S003,21,0.018505787397342856,0.4404744505882263,0.0,0.0,0.25,0.0,0.0,0
S003,22,0.008968899386363364,0.15171648561954498,0.0,0.0,0.25,0.0,0.0,1
S003,23,0.009168204941827154,0.4535346031188965,0.0,0.0,0.25,0.0,0.0,1
S003,24,0.17376789702367862,0.5417219400405884,0.20199309249791833,0.0,0.5,0.05951439576030657,0.0,0
S003,25,0.018505787397342856,0.3671582341194153,0.0,0.0,0.25,0.0,0.0,1
S003,26,0.025335021880845483,0.3921924829483032,0.0,0.0,0.25,0.0,0.0,1
S003,27,0.20589579903807292,0.7638864517211914,0.1263637396650437,0.0,0.5,0.0,0.09349477497536716,0
S003,28,0.12947570164184757,0.5770934820175171,0.179522658299189,0.1309780507669872,0.25,0.0,0.0,1
S003,29,0.014081634065607114,0.5269113183021545,0.0,0.0,0.25,0.0,0.0,0
S003,30,0.06002266435361025,0.3866487145423889,0.05951439576030657,0.0,0.25,0.0,0.0,1
S004,1,0.03144402582828225,0.5350234508514404,0.0,0.0,0.25,0.06743557494279505,0.0,1
S004,2,0.019129701680604093,0.36881130933761597,0.0,0.0,0.25,0.0,0.0,1
S004,3,0.28065761453864646,0.7454487085342407,0.06123094334544521,0.07780894359285004,0.25,0.4316134189707515,0.07357474610589511,0
S004,4,0.023196334802457797,0.4973679482936859,0.0,0.0,0.25,0.0,0.0,1
S004,5,0.016404125995576453,0.49758780002593994,0.0,0.0,0.25,0.0,0.0,1
S004,6,0.2071041296636834,0.7181087732315063,0.2727396481453687,0.20954240380710126,0.2,0.0,0.09349477497536716,1
S004,7,0.08890554505407468,0.6309190988540649,0.0,0.0,0.25,0.11234277891542777,0.06743557494279505,0
S004,8,0.01746331192903285,0.5194864273071289,0.0,0.0,0.25,0.0,0.0,1
S004,9,0.007699512044177418,0.4363664984703064,0.0,0.0,0.2,0.0,0.0,1
S004,10,0.0796740091685737,0.5454705953598022,0.048185057524899266,0.06123094334544521,0.25,0.0,0.0,1
S004,11,0.027479958967181785,0.4422525465488434,0.048185057524899266,0.0,0.25,0.0,0.0,1
S004,12,0.03338879495810423,0.5529202222824097,0.0,0.05612175491366004,0.25,0.0,0.0,0
S004,13,0.008258105610123549,0.3724694848060608,0.0,0.0,0.25,0.0,0.0,1
S004,14,0.029129168149800464,0.436576247215271,0.0,0.0,0.25,0.0,0.0,1
S004,15,0.03632183024637326,0.43269094824790955,0.05355095314996731,0.0,0.25,0.11234277891542777,0.0,0
S004,16,0.02611673809211977,0.2951691150665283,0.04416443453527434,0.0,0.25,0.0,0.0,0
S004,17,0.025661984355192666,0.465251088142395,0.0,0.0,0.25,0.0,0.0,1
S004,18,0.022612914856883475,0.3927325904369354,0.0,0.0,0.25,0.0,0.0,1
S004,19,0.26564532011247605,0.596197783946991,0.06123094334544521,0.0,0.0,0.11234277891542777,0.08176804146599938,0
S004,20,0.023827374760873286,0.4320913553237915,0.0,0.06123094334544521,0.25,0.0,0.0,1
S004,21,0.031116071934364224,0.5036967992782593,0.0,0.0,0.25,0.0,0.0,0
S004,22,0.03040929770499932,0.18626569211483002,0.0,0.0,0.25,0.0,0.0,1
S004,23,0.041757477883706255,0.4666866660118103,0.0,0.0,0.25,0.0,0.0,1
S004,24,0.016404125995576453,0.3886541426181793,0.0,0.0,0.25,0.0,0.0,0
S004,25,0.052927306244977344,0.38969236612319946,0.06123094334544521,0.0,0.25,0.0,0.0,1
S004,26,0.018407734260502812,0.43084096908569336,0.0,0.0,0.25,0.0,0.0,1
S004,27,0.008959080174157934,0.4627913236618042,0.0,0.0,0.25,0.0,0.0,0
S004,28,0.016404125995576453,0.5301581621170044,0.0,0.0,0.25,0.0,0.0,1
S004,29,0.20361189908171226,0.7318288087844849,0.05355095314996731,0.06123094334544521,0.5,0.3446421410380548,0.08176804146599938,0
S004,30,0.021211224404949876,0.3990984857082367,0.05355095314996731,0.0,0.25,0.0,0.0,1
S005,1,0.07012292635031728,0.5166488885879517,0.05355095314996731,0.05612175491366004,0.25,0.0,0.055436189574118395,1
S005,2,0.007842308433631123,0.34614822268486023,0.0,0.0,0.25,0.0,0.0,1
S005,3,0.08453155473758495,0.6034876108169556,0.14587439082056455,0.0,0.5,0.0,0.07357474610589511,0
S005,4,0.08853538931274865,0.4459775984287262,0.05355095314996731,0.06123094334544521,0.25,0.0,0.06743557494279505,1
S005,5,0.035534338037123976,0.3668045401573181,0.0,0.0,0.25,0.0,0.06743557494279505,1
S005,6,0.012658078985330886,0.3676096200942993,0.04908259294847067,0.0,0.2,0.0,0.0,1
S005,7,0.012197699852077035,0.39903056621551514,0.0,0.0,0.5,0.0,0.0,0
S005,8,0.06894793727226761,0.48433732986450195,0.05355095314996731,0.0,0.25,0.0,0.09349477497536716,1
S005,9,0.006371886253372861,0.30453675985336304,0.0,0.0,0.2,0.0,0.0,1
S005,10,0.028383466767521466,0.5225967168807983,0.05355095314996731,0.0,0.25,0.0,0.0,1
S005,11,0.0799957603684652,0.37475335597991943,0.1130407841661348,0.0,0.25,0.0,0.08176804146599938,1
S005,12,0.0053017964022674694,0.3147711455821991,0.0,0.0,0.25,0.0,0.0,0
S005,13,0.00683416160844115,0.34845662117004395,0.0,0.0,0.25,0.0,0.0,1
S005,14,0.04143843361427663,0.5122147798538208,0.0,0.0,0.25,0.0,0.0,1
S005,15,0.2071639649282634,0.7200044393539429,0.28825378403927704,0.13049436152984825,0.75,0.20613696606828608,0.0,0
S005,16,0.014197448034080247,0.20362377166748047,0.04908259294847067,0.0,0.25,0.0,0.0,0
S005,17,0.006939298630094946,0.22587275505065918,0.0,0.0,0.25,0.0,0.0,1
S005,18,0.12295368266449065,0.4069351553916931,0.09619056546266429,0.06804963087832473,0.25,0.0,0.09349477497536716,1
S005,19,0.023063528397302278,0.3705849051475525,0.06804963087832473,0.0,0.25,0.0,0.0,0
S005,20,0.12208556575203995,0.37605035305023193,0.09619056546266429,0.06123094334544521,0.25,0.0,0.08176804146599938,1
S005,21,0.043250766578939545,0.5695303678512573,0.06804963087832473,0.0,0.5,0.0,0.0,0
S005,22,0.008172610893600015,0.25185203552246094,0.0,0.0,0.25,0.0,0.0,1
S005,23,0.016852405712914346,0.4999859035015106,0.0,0.0,0.5,0.0,0.0,1
S005,24,0.09519500727834176,0.4026816785335541,0.05951439576030657,0.0,0.25,0.0,0.09349477497536716,0
S005,25,0.016852405712914346,0.3202389180660248,0.06804963087832473,0.0,0.25,0.0,0.0,1
S005,26,0.0398745200985802,0.4303034543991089,0.0,0.0,0.25,0.0,0.09349477497536716,1
S005,27,0.03915616308800597,0.35033461451530457,0.0,0.0,0.25,0.0,0.09349477497536716,0
S005,28,0.06466991979994964,0.4252062737941742,0.05355095314996731,0.0,0.25,0.0,0.08176804146599938,1
S005,29,0.00637188625337286,0.399725079536438,0.0,0.0,0.25,0.0,0.0,0
S005,30,0.6376487629204248,0.8696662187576294,0.6392306240536285,0.615218690896332,0.5,0.14587439082056455,0.29526755538240534,1
S006,1,0.005979703387035273,0.5085409283638,0.0,0.0,0.25,0.0,0.0,1
S006,2,0.028562598147493682,0.472865492105484,0.0,0.07780894359285004,0.25,0.0,0.0,1
S006,3,0.008371379939202154,0.43625524640083313,0.0,0.0,0.25,0.0,0.0,0
S006,4,0.4953351370219238,0.9302094578742981,0.4273247353991627,0.5332087607532633,1.0,0.25233420143369617,0.0,1
S006,5,0.007996384634587171,0.4657306671142578,0.0,0.0,0.25,0.0,0.0,1
S006,6,0.007469760107565071,0.35969895124435425,0.0,0.0,0.2,0.0,0.0,1
S006,7,0.007199699243778631,0.4405631721019745,0.0,0.0,0.25,0.0,0.0,0
S006,8,0.017159644947513337,0.4490501582622528,0.0,0.0,0.25,0.0,0.0,1
S006,9,0.007566766176593515,0.43197011947631836,0.0,0.0,0.2,0.0,0.0,1
S006,10,0.008115729133857842,0.5079522728919983,0.0,0.0,0.25,0.0,0.0,1
S006,11,0.1470710224617248,0.7569730281829834,0.09407566441037933,0.0,1.0,0.0,0.0,1
S006,12,0.33198224689556666,0.699729323387146,0.4431730651099821,0.11954622394547189,0.5,0.0,0.09349477497536716,0
S006,13,0.008115729133857842,0.501932680606842,0.0,0.0,0.25,0.0,0.0,1
S006,14,0.018797058090984635,0.4355509579181671,0.0,0.0,0.25,0.09349477497536716,0.0,1
S006,15,0.008652819523457417,0.2790362238883972,0.0,0.0,0.25,0.0,0.0,0
S006,16,0.15363604875297387,0.511066734790802,0.3026126793337808,0.0,0.5,0.0,0.0,0
S006,17,0.00824058184272982,0.342862606048584,0.0,0.0,0.25,0.0,0.0,1
S006,18,0.007286439211638991,0.34048113226890564,0.0,0.0,0.25,0.0,0.0,1
S006,19,0.0,0.26001065969467163,0.0,0.0,0.0,0.0,0.0,0
S006,20,0.3082579042382711,0.856182336807251,0.12502134088768901,0.13049436152984825,1.0,0.09349477497536716,0.0,1
S006,21,0.05162163665863212,0.41051968932151794,0.0,0.07780894359285004,0.25,0.0,0.0,0
S006,22,0.009705169431017088,0.29197603464126587,0.0,0.0,0.25,0.0,0.0,1
S006,23,0.009920836270502435,0.4403381943702698,0.0,0.0,0.25,0.0,0.0,1
S006,24,0.0522187426994936,0.5925949811935425,0.0,0.06804963087832473,0.25,0.0,0.0,0
S006,25,0.009920836270502435,0.37409985065460205,0.0,0.0,0.25,0.0,0.0,1
S006,26,0.008964697231042951,0.42774224281311035,0.0,0.0,0.25,0.0,0.0,1
S006,27,0.008804618324673366,0.5229595303535461,0.0,0.0,0.25,0.0,0.0,0
S006,28,0.07677350504742553,0.6287093162536621,0.0,0.06804963087832473,0.75,0.0,0.0,1
S006,29,0.01524707861841981,0.5225711464881897,0.0,0.0,0.25,0.0,0.0,0
S006,30,0.006808140392816758,0.36817681789398193,0.0,0.0,0.25,0.0,0.0,1
S007,1,0.023190522810313814,0.37001919746398926,0.0,0.0,0.25,0.04908259294847067,0.0,1
S007,2,0.00886924087420349,0.24249263107776642,0.0,0.0,0.25,0.0,0.0,1
S007,3,0.0677501687780065,0.4736015498638153,0.07780894359285004,0.0,0.25,0.0,0.07357474610589511,0
S007,4,0.007113885750774635,0.3940889239311218,0.0,0.0,0.25,0.0,0.0,1
S007,5,0.21498837833282922,0.669482409954071,0.16839750037215276,0.23577033983032974,0.25,0.05951439576030657,0.06743557494279505,1
S007,6,0.07667320675826572,0.4260450005531311,0.19048427711176064,0.0,0.2,0.06804963087832473,0.0,1
S007,7,0.028132018305776794,0.4204476773738861,0.0,0.0,0.25,0.0,0.0,0
S007,8,0.008103243487092241,0.2824651896953583,0.0,0.0,0.25,0.0,0.0,1
S007,9,0.007206270256068346,0.34905174374580383,0.0,0.0,0.2,0.0,0.0,1
S007,10,0.05688464222375982,0.3532630503177643,0.06123094334544521,0.0,0.25,0.0,0.09349477497536716,1
S007,11,0.034504287848546894,0.41786202788352966,0.06123094334544521,0.0,0.25,0.08176804146599938,0.0,1
S007,12,0.018310983630494056,0.34921231865882874,0.0,0.0,0.25,0.0,0.0,0
S007,13,0.007729079516760763,0.2639616131782532,0.0,0.0,0.25,0.0,0.0,1
S007,14,0.00886924087420349,0.32890260219573975,0.0,0.0,0.25,0.0,0.0,1
S007,15,0.033899101380332364,0.29669609665870667,0.06804963087832473,0.0,0.25,0.0,0.0,0
S007,16,0.0677221018311659,0.34354573488235474,0.05612175491366004,0.0,0.25,0.06804963087832473,0.08176804146599938,0
S007,17,0.04064261983097672,0.4831533432006836,0.07780894359285004,0.0,0.25,0.08176804146599938,0.0,1
S007,18,0.013973896170735293,0.4523349404335022,0.0,0.0,0.25,0.0,0.0,1
S007,19,0.07201234567252636,0.354675829410553,0.07780894359285004,0.06123094334544521,0.0,0.0,0.08176804146599938,0
S007,20,0.01470974024823219,0.35530608892440796,0.0,0.0,0.25,0.06804963087832473,0.0,1
S007,21,0.019075219579932183,0.34509092569351196,0.0,0.0,0.25,0.0,0.0,0
S007,22,0.018656047857698987,0.1486426591873169,0.0,0.0,0.25,0.0,0.0,1
S007,23,0.028949742692734412,0.30007368326187134,0.0,0.0,0.25,0.0,0.09349477497536716,1
S007,24,0.015344868623119004,0.343353271484375,0.0,0.0,0.25,0.05951439576030657,0.0,0
S007,25,0.41123000859844,0.8907740116119385,0.5586177528223195,0.275195812175023,0.5,0.43927499031635536,0.09349477497536716,1
S007,26,0.008537601070660584,0.2883124053478241,0.0,0.0,0.25,0.0,0.0,1
S007,27,0.03456379862127942,0.444927453994751,0.06804963087832473,0.06123094334544521,0.25,0.0,0.0,0
S007,28,0.007615420828855229,0.3886079788208008,0.0,0.0,0.25,0.0,0.0,1
S007,29,0.04617927811654979,0.5123878717422485,0.0,0.06123094334544521,0.25,0.0,0.0,0
S007,30,0.019807966579730586,0.2895663380622864,0.06804963087832473,0.0,0.25,0.0,0.0,1
S008,1,0.005608536368801962,0.3639620840549469,0.0,0.0,0.25,0.0,0.0,1
S008,2,0.017621285130398887,0.310335636138916,0.0,0.0,0.25,0.0,0.0,1
S008,3,0.024025827489373944,0.48148441314697266,0.06123094334544521,0.0,0.25,0.0,0.0,0
S008,4,0.05128601696342487,0.44681841135025024,0.048185057524899266,0.0,0.25,0.0,0.0,1
S008,5,0.00750003990820804,0.35882365703582764,0.0,0.0,0.25,0.0,0.0,1
S008,6,0.3536537536133852,0.7663808465003967,0.5193070061174111,0.40711465268091374,0.6,0.16839750037215276,0.07780894359285004,1
S008,7,0.013595803696316158,0.42590805888175964,0.0,0.0,0.25,0.0,0.0,0
S008,8,0.024320446370267507,0.37226325273513794,0.0,0.0,0.25,0.07780894359285004,0.0,1
S008,9,0.02899190964692605,0.40002429485321045,0.0,0.0,0.4,0.06804963087832473,0.0,1
S008,10,0.03163678784294929,0.3673345446586609,0.048185057524899266,0.0,0.25,0.0,0.0,1
S008,11,0.033961199727932156,0.40455740690231323,0.10112251282501054,0.0,0.25,0.0,0.0,1
S008,12,0.27288494121343043,0.7878652215003967,0.24121168749038827,0.11913689236190336,0.5,0.275195812175023,0.275195812175023,0
S008,13,0.015337824277353583,0.33616429567337036,0.0,0.0,0.25,0.0,0.0,1
S008,14,0.008734863378789214,0.2544645667076111,0.0,0.0,0.25,0.0,0.0,1
S008,15,0.016361234257163598,0.23718997836112976,0.05355095314996731,0.0,0.25,0.0,0.0,0
S008,16,0.16465004043888506,0.6387447118759155,0.2727396481453687,0.07780894359285004,0.25,0.07780894359285004,0.0,0
S008,17,0.24874583044578316,0.684624195098877,0.06123094334544521,0.06123094334544521,0.75,0.09349477497536716,0.275195812175023,1
S008,18,0.00683416160844115,0.3986193537712097,0.0,0.0,0.25,0.0,0.0,1
S008,19,0.02568845274171177,0.3748781681060791,0.06123094334544521,0.0,0.0,0.0,0.0,0
S008,20,0.037267786485145796,0.340221107006073,0.0410070600234428,0.0,0.25,0.0,0.0,1
S008,21,0.009305038633300743,0.3212890625,0.0,0.0,0.25,0.0,0.0,0
S008,22,0.00910275848084023,0.12106847763061523,0.0,0.0,0.25,0.0,0.0,1
S008,23,0.018784033273654074,0.3800562024116516,0.0,0.0,0.25,0.0,0.0,1
S008,24,0.02292460438577018,0.3208293914794922,0.0,0.0,0.25,0.0,0.0,0
S008,25,0.04840979835899976,0.4234064221382141,0.20954240380710126,0.0,0.25,0.0,0.0,1
S008,26,0.016956246334871715,0.31023627519607544,0.0,0.0,0.25,0.0,0.0,1
S008,27,0.0166507721022649,0.359066367149353,0.0,0.0,0.25,0.07780894359285004,0.0,0
S008,28,0.007500039908208041,0.42534926533699036,0.0,0.0,0.25,0.0,0.0,1
S008,29,0.014293360080088472,0.542655348777771,0.0,0.0,0.25,0.0,0.0,0
S008,30,0.012852394139256628,0.26910290122032166,0.05355095314996731,0.0,0.25,0.0,0.0,1
S009,1,0.061428460278049275,0.5703049898147583,0.04416443453527434,0.0,0.5,0.0,0.0,1
S009,2,0.1745230077244959,0.7182685136795044,0.39018614727174455,0.09349477497536716,0.75,0.0,0.0,1
S009,3,0.008099094393046385,0.48551052808761597,0.0,0.0,0.25,0.0,0.0,0
S009,4,0.02988004655523493,0.48624712228775024,0.04416443453527434,0.0,0.25,0.0,0.0,1
S009,5,0.02356488323370856,0.34012681245803833,0.0,0.0,0.25,0.0,0.0,1
S009,6,0.022045615186558717,0.4310665726661682,0.0,0.0,0.2,0.0,0.0,1
S009,7,0.006965523509910748,0.4060248136520386,0.0,0.0,0.25,0.0,0.0,0
S009,8,0.10156945625409697,0.5650050640106201,0.2030055941109282,0.0,0.5,0.0,0.0,1
S009,9,0.00732065130951186,0.32618504762649536,0.0,0.0,0.2,0.0,0.0,1
S009,10,0.01582476358664754,0.47970616817474365,0.0,0.0,0.25,0.0,0.0,1
S009,11,0.026116738092119778,0.4032958149909973,0.04416443453527434,0.0,0.25,0.0,0.0,1
S009,12,0.025336768381440056,0.4104853570461273,0.0,0.0,0.25,0.0,0.0,0
S009,13,0.10595566489849498,0.615212082862854,0.2670453137166025,0.0,0.5,0.0,0.0,1
S009,14,0.03724998756328014,0.5218630433082581,0.04416443453527434,0.0,0.25,0.0,0.0,1
S009,15,0.008371379939202154,0.36107760667800903,0.0,0.0,0.25,0.0,0.0,0
S009,16,0.033746803033307536,0.23269805312156677,0.0,0.0,0.25,0.0,0.08176804146599938,0
S009,17,0.007972550604871221,0.26920565962791443,0.0,0.0,0.25,0.0,0.0,1
S009,18,0.06918690848006516,0.42913252115249634,0.12378498289897735,0.0,0.5,0.0,0.0,1
S009,19,0.0,0.366310179233551,0.0,0.0,0.0,0.0,0.0,0
S009,20,0.039385207011925695,0.4126158058643341,0.0793300899685191,0.0,0.25,0.0,0.0,1
S009,21,0.029572471419475735,0.5001319050788879,0.05612175491366004,0.0,0.25,0.0,0.0,0
S009,22,0.09219502854437235,0.4377513527870178,0.09232139829308134,0.0,0.75,0.11234277891542777,0.0,1
S009,23,0.009598153470073575,0.42419135570526123,0.0,0.0,0.25,0.0,0.0,1
S009,24,0.040476650891145036,0.40334850549697876,0.04908259294847067,0.0,0.25,0.0,0.0,0
S009,25,0.009598153470073575,0.2857520580291748,0.0,0.0,0.25,0.0,0.0,1
S009,26,0.4241588475366662,0.915304958820343,0.10320237271420757,0.3446421410380548,0.5,0.25233420143369617,0.09349477497536716,1
S009,27,0.017179394370982596,0.367952823638916,0.0,0.0,0.25,0.0,0.0,0
S009,28,0.048405856750750084,0.5825172662734985,0.09232139829308134,0.0,0.25,0.0,0.0,1
S009,29,0.007320651309511859,0.38922977447509766,0.0,0.0,0.25,0.0,0.0,0
S009,30,0.06403188280931489,0.5139942169189453,0.04908259294847067,0.0,0.5,0.0,0.0,1
S010,1,0.04711216819144592,0.44408711791038513,0.15955191558414064,0.0,0.25,0.0,0.0,1
S010,2,0.010023393748471702,0.4592247009277344,0.0,0.0,0.25,0.0,0.0,1
S010,3,0.009010017320046802,0.4509531855583191,0.0,0.0,0.25,0.0,0.0,0
S010,4,0.23271744599409336,0.7053412199020386,0.46975676801152594,0.0,0.75,0.0,0.0,1
S010,5,0.06430214416389203,0.5552953481674194,0.0,0.08176804146599938,0.25,0.0,0.0,1
S010,6,0.008039614547965474,0.40219444036483765,0.0,0.0,0.2,0.0,0.0,1
S010,7,0.007748951231062607,0.439689040184021,0.0,0.0,0.25,0.0,0.0,0
S010,8,0.07920547530396516,0.44178974628448486,0.048185057524899266,0.08176804146599938,0.25,0.0,0.0,1
S010,9,0.008144021033926405,0.29918941855430603,0.0,0.0,0.2,0.0,0.0,1
S010,10,0.008734863378789218,0.4380189776420593,0.0,0.0,0.25,0.0,0.0,1
S010,11,0.11644674599219883,0.6148034334182739,0.15955191558414064,0.0,0.75,0.0,0.0,1
S010,12,0.0353349065438923,0.5340940356254578,0.03844253271350165,0.0,0.25,0.0,0.0,0
S010,13,0.008734863378789218,0.43124693632125854,0.0,0.0,0.25,0.0,0.0,1
S010,14,0.020244702510074188,0.3881167769432068,0.0,0.0,0.25,0.0,0.0,1
S010,15,0.009312927419349781,0.2807665467262268,0.0,0.0,0.25,0.0,0.0,0
S010,16,0.009010017320046802,0.327965646982193,0.0,0.0,0.25,0.0,0.0,0
S010,17,0.017894446748792682,0.42500320076942444,0.0,0.07357474610589511,0.25,0.0,0.0,1
S010,18,0.07741388263314232,0.3856871724128723,0.18917459356346658,0.0,0.25,0.0,0.0,1
S010,19,0.0,0.32878637313842773,0.0,0.0,0.0,0.0,0.0,0
S010,20,0.17942079322369167,0.6627992987632751,0.2479900066867277,0.0,0.75,0.0,0.0,1
S010,21,0.03292971474991553,0.5077398419380188,0.0,0.0,0.25,0.0,0.0,0
S010,22,0.010445559191258818,0.27504467964172363,0.0,0.0,0.25,0.0,0.0,1
S010,23,0.01067767886247612,0.4318116307258606,0.0,0.0,0.25,0.0,0.0,1
S010,24,0.09733760642616238,0.5423859357833862,0.179522658299189,0.0,0.25,0.0,0.0,0
S010,25,0.01067767886247612,0.36845874786376953,0.0,0.0,0.25,0.0,0.0,1
S010,26,0.01948065423133205,0.41712260246276855,0.0,0.0,0.25,0.0,0.0,1
S010,27,0.04920357486813389,0.5378382205963135,0.0,0.0,0.25,0.0,0.0,0
S010,28,0.5791895486621214,0.8709224462509155,0.3779132184330249,0.6225407468137513,0.75,0.4316134189707515,0.6225407468137513,1
S010,29,0.016421323447718992,0.5319133996963501,0.0,0.0,0.25,0.0,0.0,0
S010,30,0.03846061971103639,0.38017743825912476,0.05355095314996731,0.0,0.25,0.0,0.0,1
